$4737.TW: possibly delisted; no price data found  (1d 2026-06-08 -> 2026-07-24)
$4960.TW: possibly delisted; no price data found  (1d 2026-06-08 -> 2026-07-24)
$6671.TW: possibly delisted; no price data found  (1d 2026-06-08 -> 2026-07-24)
$6442.TW: possibly delisted; no price data found  (1d 2026-06-08 -> 2026-07-24)
$3715.TW: possibly delisted; no price data found  (1d 2026-06-08 -> 2026-07-24)
$4952.TW: possibly delisted; no price data found  (1d 2026-06-08 -> 2026-07-24)
$3653.TW: possibly delisted; no price data found  (1d 2026-06-08 -> 2026-07-24)
$3528.TW: possibly delisted; no price data found  (1d 2026-06-08 -> 2026-07-24)
$6120.TW: possibly delisted; no price data found  (1d 2026-06-08 -> 2026-07-24)
$6257.TW: possibly delisted; no price data found  (1d 2026-06-08 -> 2026-07-24)
$6743.TW: possibly delisted; no price data found  (1d 2026-06-08 -> 2026-07-24)
$2845.TW: possibly delisted; no price data found  (1d 2026-06-08 -> 2026-07-24)
$4915.TW: possibly delisted; no price data found  (1d 2026-06-08 -> 2026-07-24)
$4562.TW: possibly delisted; no price data found  (1d 2026-06-08 -> 2026-07-24)
$6706.TW: possibly delisted; no price data found  (1d 2026-06-08 -> 2026-07-24)

19 Failed downloads:
['4737.TW', '4960.TW', '6671.TW', '6442.TW', '3715.TW', '4952.TW', '3653.TW', '3528.TW', '6120.TW', '6257.TW', '6743.TW', '2845.TW', '4915.TW', '4562.TW', '6706.TW']: possibly delisted; no price data found  (1d 2026-06-08 -> 2026-07-24)
['6214.TW', '6887.TW', '6164.TW', '5525.TW']: OperationalError('unable to open database file')
$4933.TWO: possibly delisted; no price data found  (1d 2026-06-08 -> 2026-07-24)
$9906.TW: possibly delisted; no price data found  (1d 2026-06-08 -> 2026-07-24)
$8473.TW: possibly delisted; no price data found  (1d 2026-06-08 -> 2026-07-24)
$9907.TW: possibly delisted; no price data found  (1d 2026-06-08 -> 2026-07-24)
$3264.TWO: possibly delisted; no price data found  (1d 2026-06-08 -> 2026-07-24)
$4129.TWO: possibly delisted; no price data found  (1d 2026-06-08 -> 2026-07-24)
$9802.TW: possibly delisted; no price data found  (1d 2026-06-08 -> 2026-07-24)
$6944.TW: possibly delisted; no price data found  (1d 2026-06-08 -> 2026-07-24)
$7736.TW: possibly delisted; no price data found  (1d 2026-06-08 -> 2026-07-24)
$3689.TWO: possibly delisted; no price data found  (1d 2026-06-08 -> 2026-07-24)
$3141.TWO: possibly delisted; no price data found  (1d 2026-06-08 -> 2026-07-24)
$4995.TWO: possibly delisted; no price data found  (1d 2026-06-08 -> 2026-07-24)

21 Failed downloads:
['4933.TWO', '9906.TW', '8473.TW', '9907.TW', '3264.TWO', '4129.TWO', '9802.TW', '6944.TW', '7736.TW', '3689.TWO', '3141.TWO', '4995.TWO']: possibly delisted; no price data found  (1d 2026-06-08 -> 2026-07-24)
['3526.TWO', '3232.TWO', '3646.TWO', '3684.TWO', '5263.TWO', '5014.TWO', '3322.TWO', '4153.TWO', '8996.TW']: OperationalError('unable to open database file')
$3533.TW: possibly delisted; no price data found  (1d 2026-05-23 -> 2026-07-08)
$1456.TW: possibly delisted; no price data found  (1d 2026-05-23 -> 2026-07-08)
$2929.TW: possibly delisted; no price data found  (1d 2026-05-23 -> 2026-07-08)
$1310.TW: possibly delisted; no price data found  (1d 2026-05-23 -> 2026-07-08)
$2457.TW: possibly delisted; no price data found  (1d 2026-05-23 -> 2026-07-08)
$2442.TW: possibly delisted; no price data found  (1d 2026-05-23 -> 2026-07-08)
$1522.TW: possibly delisted; no price data found  (1d 2026-05-23 -> 2026-07-08)
$1532.TW: possibly delisted; no price data found  (1d 2026-05-23 -> 2026-07-08)
$2009.TW: possibly delisted; no price data found  (1d 2026-05-23 -> 2026-07-08)
$3296.TW: possibly delisted; no price data found  (1d 2026-05-23 -> 2026-07-08)
$1563.TW: possibly delisted; no price data found  (1d 2026-05-23 -> 2026-07-08)
$3592.TW: possibly delisted; no price data found  (1d 2026-05-23 -> 2026-07-08)
$1326.TW: possibly delisted; no price data found  (1d 2026-05-23 -> 2026-07-08)
$3092.TW: possibly delisted; no price data found  (1d 2026-05-23 -> 2026-07-08)
$3044.TW: possibly delisted; no price data found  (1d 2026-05-23 -> 2026-07-08)
$2428.TW: possibly delisted; no price data found  (1d 2026-05-23 -> 2026-07-08)
$2488.TW: possibly delisted; no price data found  (1d 2026-05-23 -> 2026-07-08)
$2540.TW: possibly delisted; no price data found  (1d 2026-05-23 -> 2026-07-08)
$1707.TW: possibly delisted; no price data found  (1d 2026-05-23 -> 2026-07-08)
$2707.TW: possibly delisted; no price data found  (1d 2026-05-23 -> 2026-07-08)
$2731.TW: possibly delisted; no price data found  (1d 2026-05-23 -> 2026-07-08)
$1402.TW: possibly delisted; no price data found  (1d 2026-05-23 -> 2026-07-08)
$1527.TW: possibly delisted; no price data found  (1d 2026-05-23 -> 2026-07-08)
$3052.TW: possibly delisted; no price data found  (1d 2026-05-23 -> 2026-07-08)
$3305.TW: possibly delisted; no price data found  (1d 2026-05-23 -> 2026-07-08)
$1717.TW: possibly delisted; no price data found  (1d 2026-05-23 -> 2026-07-08)
$1525.TW: possibly delisted; no price data found  (1d 2026-05-23 -> 2026-07-08)
$2816.TW: possibly delisted; no price data found  (1d 2026-05-23 -> 2026-07-08)
$1438.TW: possibly delisted; no price data found  (1d 2026-05-23 -> 2026-07-08)
$1734.TW: possibly delisted; no price data found  (1d 2026-05-23 -> 2026-07-08)
$2603.TW: possibly delisted; no price data found  (1d 2026-05-23 -> 2026-07-08)
$2642.TW: possibly delisted; no price data found  (1d 2026-05-23 -> 2026-07-08)
$3023.TW: possibly delisted; no price data found  (1d 2026-05-23 -> 2026-07-08)
$3164.TW: possibly delisted; no price data found  (1d 2026-05-23 -> 2026-07-08)
$2369.TW: possibly delisted; no price data found  (1d 2026-05-23 -> 2026-07-08)
$2427.TW: possibly delisted; no price data found  (1d 2026-05-23 -> 2026-07-08)
$3038.TW: possibly delisted; no price data found  (1d 2026-05-23 -> 2026-07-08)
$2348.TW: possibly delisted; no price data found  (1d 2026-05-23 -> 2026-07-08)
$2365.TW: possibly delisted; no price data found  (1d 2026-05-23 -> 2026-07-08)
$2545.TW: possibly delisted; no price data found  (1d 2026-05-23 -> 2026-07-08)
$2886.TW: possibly delisted; no price data found  (1d 2026-05-23 -> 2026-07-08)
$2913.TW: possibly delisted; no price data found  (1d 2026-05-23 -> 2026-07-08)
$1712.TW: possibly delisted; no price data found  (1d 2026-05-23 -> 2026-07-08)
$2211.TW: possibly delisted; no price data found  (1d 2026-05-23 -> 2026-07-08)
$3011.TW: possibly delisted; no price data found  (1d 2026-05-23 -> 2026-07-08)
$2413.TW: possibly delisted; no price data found  (1d 2026-05-23 -> 2026-07-08)
$2548.TW: possibly delisted; no price data found  (1d 2026-05-23 -> 2026-07-08)
$1533.TW: possibly delisted; no price data found  (1d 2026-05-23 -> 2026-07-08)
$2108.TW: possibly delisted; no price data found  (1d 2026-05-23 -> 2026-07-08)
$2033.TW: possibly delisted; no price data found  (1d 2026-05-23 -> 2026-07-08)

173 Failed downloads:
['3533.TW', '1456.TW', '2929.TW', '1310.TW', '2457.TW', '2442.TW', '1522.TW', '1532.TW', '2009.TW', '3296.TW', '1563.TW', '3592.TW', '1326.TW', '3092.TW', '3044.TW', '2428.TW', '2488.TW', '2540.TW', '1707.TW', '2707.TW', '2731.TW', '1402.TW', '1527.TW', '3052.TW', '3305.TW', '1717.TW', '1525.TW', '2816.TW', '1438.TW', '1734.TW', '2603.TW', '2642.TW', '3023.TW', '3164.TW', '2369.TW', '2427.TW', '3038.TW', '2348.TW', '2365.TW', '2545.TW', '2886.TW', '2913.TW', '1712.TW', '2211.TW', '3011.TW', '2413.TW', '2548.TW', '1533.TW', '2108.TW', '2033.TW']: possibly delisted; no price data found  (1d 2026-05-23 -> 2026-07-08)
['2834.TW', '2762.TW', '2013.TW', '2439.TW', '2915.TW', '2248.TW', '3694.TW', '1531.TW', '1215.TW', '2233.TW', '2748.TW', '2465.TW', '3040.TW', '2397.TW', '2250.TW', '3138.TW', '1109.TW', '1806.TW', '2524.TW', '3380.TW', '2392.TW', '2002.TW', '3712.TW', '3024.TW', '2388.TW', '2486.TW', '1474.TW', '1455.TW', '2706.TW', '2536.TW', '2891.TW', '3209.TW', '3717.TW', '3006.TW', '3413.TW', '3518.TW', '2727.TW', '2908.TW', '1410.TW', '1608.TW', '2471.TW', '1231.TW', '1338.TW', '2477.TW', '2904.TW', '3543.TW', '2882.TW', '2317.TW', '2614.TW', '1108.TW', '1713.TW', '2608.TW', '2459.TW', '2109.TW', '1440.TW', '2704.TW', '3167.TW', '2362.TW', '1467.TW', '2069.TW', '1325.TW', '2409.TW', '2103.TW', '1524.TW', '2722.TW', '2617.TW', '3701.TW', '2379.TW', '2852.TW', '2897.TW', '2402.TW', '1714.TW', '1521.TW', '1805.TW', '1417.TW', '2609.TW', '1611.TW', '1773.TW', '3708.TW', '1905.TW', '2323.TW', '2534.TW', '2455.TW', '2313.TW', '3026.TW', '1463.TW', '2468.TW', '1229.TW', '2887.TW', '2420.TW', '3311.TW', '2332.TW', '1101.TW', '2881.TW', '1735.TW', '1307.TW', '2498.TW', '2357.TW', '2616.TW', '1219.TW', '3528.TW', '1529.TW', '2527.TW', '2106.TW', '2474.TW', '2528.TW', '1612.TW', '1312.TW', '1414.TW', '2441.TW', '1732.TW', '2458.TW', '2812.TW', '3046.TW', '2606.TW', '1786.TW', '2419.TW', '2115.TW', '1720.TW', '2017.TW', '1605.TW', '2204.TW', '1459.TW']: OperationalError('unable to open database file')
$3529.TWO: possibly delisted; no price data found  (1d 2026-05-23 -> 2026-07-08)
$6515.TW: possibly delisted; no price data found  (1d 2026-05-23 -> 2026-07-08)
$4716.TWO: possibly delisted; no price data found  (1d 2026-05-23 -> 2026-07-08)
$3597.TWO: possibly delisted; no price data found  (1d 2026-05-23 -> 2026-07-08)
$3556.TWO: possibly delisted; no price data found  (1d 2026-05-23 -> 2026-07-08)
$3527.TWO: possibly delisted; no price data found  (1d 2026-05-23 -> 2026-07-08)
$6206.TW: possibly delisted; no price data found  (1d 2026-05-23 -> 2026-07-08)
$8070.TW: possibly delisted; no price data found  (1d 2026-05-23 -> 2026-07-08)
$9942.TW: possibly delisted; no price data found  (1d 2026-05-23 -> 2026-07-08)
$6153.TW: possibly delisted; no price data found  (1d 2026-05-23 -> 2026-07-08)
$4162.TWO: possibly delisted; no price data found  (1d 2026-05-23 -> 2026-07-08)
$3531.TWO: possibly delisted; no price data found  (1d 2026-05-23 -> 2026-07-08)
$4552.TW: possibly delisted; no price data found  (1d 2026-05-23 -> 2026-07-08)
$3663.TWO: possibly delisted; no price data found  (1d 2026-05-23 -> 2026-07-08)
$4166.TWO: possibly delisted; no price data found  (1d 2026-05-23 -> 2026-07-08)
$9914.TW: possibly delisted; no price data found  (1d 2026-05-23 -> 2026-07-08)
$4417.TWO: possibly delisted; no price data found  (1d 2026-05-23 -> 2026-07-08)
$6994.TW: possibly delisted; no price data found  (1d 2026-05-23 -> 2026-07-08)
$4174.TWO: possibly delisted; no price data found  (1d 2026-05-23 -> 2026-07-08)
$4113.TWO: possibly delisted; no price data found  (1d 2026-05-23 -> 2026-07-08)
$3373.TWO: possibly delisted; no price data found  (1d 2026-05-23 -> 2026-07-08)
$4111.TWO: possibly delisted; no price data found  (1d 2026-05-23 -> 2026-07-08)
$4550.TWO: possibly delisted; no price data found  (1d 2026-05-23 -> 2026-07-08)
$3219.TWO: possibly delisted; no price data found  (1d 2026-05-23 -> 2026-07-08)
$4556.TWO: possibly delisted; no price data found  (1d 2026-05-23 -> 2026-07-08)
$6024.TW: possibly delisted; no price data found  (1d 2026-05-23 -> 2026-07-08)
$4958.TW: possibly delisted; no price data found  (1d 2026-05-23 -> 2026-07-08)
$6863.TW: possibly delisted; no price data found  (1d 2026-05-23 -> 2026-07-08)
$3490.TWO: possibly delisted; no price data found  (1d 2026-05-23 -> 2026-07-08)
$3078.TWO: possibly delisted; no price data found  (1d 2026-05-23 -> 2026-07-08)
$5521.TW: possibly delisted; no price data found  (1d 2026-05-23 -> 2026-07-08)
$4121.TWO: possibly delisted; no price data found  (1d 2026-05-23 -> 2026-07-08)
$4999.TW: possibly delisted; no price data found  (1d 2026-05-23 -> 2026-07-08)
$3332.TWO: possibly delisted; no price data found  (1d 2026-05-23 -> 2026-07-08)
$6415.TW: possibly delisted; no price data found  (1d 2026-05-23 -> 2026-07-08)
$1569.TWO: possibly delisted; no price data found  (1d 2026-05-23 -> 2026-07-08)
$3213.TWO: possibly delisted; no price data found  (1d 2026-05-23 -> 2026-07-08)
$6168.TW: possibly delisted; no price data found  (1d 2026-05-23 -> 2026-07-08)
$6691.TW: possibly delisted; no price data found  (1d 2026-05-23 -> 2026-07-08)
$6120.TW: possibly delisted; no price data found  (1d 2026-05-23 -> 2026-07-08)
$6869.TW: possibly delisted; no price data found  (1d 2026-05-23 -> 2026-07-08)
$4303.TWO: possibly delisted; no price data found  (1d 2026-05-23 -> 2026-07-08)
$3689.TWO: possibly delisted; no price data found  (1d 2026-05-23 -> 2026-07-08)
$5225.TW: possibly delisted; no price data found  (1d 2026-05-23 -> 2026-07-08)
$6202.TW: possibly delisted; no price data found  (1d 2026-05-23 -> 2026-07-08)
$6753.TW: possibly delisted; no price data found  (1d 2026-05-23 -> 2026-07-08)
$7711.TW: possibly delisted; no price data found  (1d 2026-05-23 -> 2026-07-08)
$4956.TW: possibly delisted; no price data found  (1d 2026-05-23 -> 2026-07-08)
$6164.TW: possibly delisted; no price data found  (1d 2026-05-23 -> 2026-07-08)

199 Failed downloads:
['3529.TWO', '6515.TW', '4716.TWO', '3597.TWO', '3556.TWO', '3527.TWO', '6206.TW', '8070.TW', '9942.TW', '6153.TW', '4162.TWO', '3531.TWO', '4552.TW', '3663.TWO', '4166.TWO', '9914.TW', '4417.TWO', '6994.TW', '4113.TWO', '4174.TWO', '3373.TWO', '4111.TWO', '4550.TWO', '3219.TWO', '4556.TWO', '6024.TW', '4958.TW', '6863.TW', '3490.TWO', '3078.TWO', '5521.TW', '4121.TWO', '4999.TW', '6415.TW', '3332.TWO', '1569.TWO', '3213.TWO', '6168.TW', '6691.TW', '6120.TW', '6869.TW', '4303.TWO', '3689.TWO', '5225.TW', '6202.TW', '6753.TW', '7711.TW', '4956.TW', '6164.TW']: possibly delisted; no price data found  (1d 2026-05-23 -> 2026-07-08)
['9919.TW', '2221.TWO', '3546.TWO', '9934.TW', '4807.TW', '6625.TW', '4912.TW', '6949.TW', '6491.TW', '6799.TW', '4961.TW', '6830.TW', '8072.TW', '6579.TW', '4558.TWO', '4707.TWO', '5871.TW', '3615.TWO', '5525.TW', '2066.TWO', '2745.TWO', '1777.TWO', '3465.TWO', '4414.TW', '3224.TWO', '4967.TW', '5434.TW', '9938.TW', '3558.TWO', '4513.TWO', '4968.TW', '8476.TW', '6235.TW', '3709.TWO', '4432.TWO', '3169.TWO', '2070.TWO', '8429.TW', '8499.TW', '3552.TWO', '9941.TW', '3265.TWO', '4171.TWO', '8478.TW', '4440.TW', '4538.TWO', '7732.TW', '8163.TW', '3162.TWO', '8016.TW', '4764.TW', '8940.TW', '8114.TW', '3310.TWO', '4714.TWO', '7786.TW', '6796.TW', '6776.TW', '6902.TW', '4746.TW', '3324.TWO', '2736.TWO', '3206.TWO', '6504.TW', '3441.TWO', '4173.TWO', '6794.TW', '4551.TW', '8367.TW', '3374.TWO', '3540.TWO', '6136.TW', '3580.TWO', '4420.TWO', '3498.TWO', '2065.TWO', '3570.TWO', '4426.TW', '2743.TWO', '5234.TW', '3548.TWO', '6768.TW', '4167.TWO', '4535.TWO', '2732.TWO', '6139.TW', '4160.TWO', '3268.TWO', '3095.TWO', '5288.TW', '3105.TWO', '2729.TWO', '5306.TW', '2734.TWO', '4935.TW', '6951.TW', '6446.TW', '3083.TWO', '4904.TW', '2064.TWO', '4106.TW', '6582.TW', '4560.TW', '6671.TW', '3526.TWO', '4433.TWO', '4533.TWO', '4737.TW', '4107.TWO', '8011.TW', '3611.TWO', '3483.TWO', '5243.TW', '5880.TW', '6192.TW', '3631.TWO', '4129.TWO', '6412.TW', '6128.TW', '4163.TWO', '4721.TWO', '9802.TW', '8045.TW', '4555.TW', '6166.TW', '3684.TWO', '3178.TWO', '6552.TW', '6666.TW', '8210.TW', '3322.TWO', '4745.TWO', '4441.TW', '4906.TW', '6655.TW', '7799.TW', '4155.TW', '1586.TWO', '6695.TW', '6790.TW', '3609.TWO', '3666.TWO', '3211.TWO', '5534.TW', '9955.TW', '4566.TW', '8487.TW', '5519.TW', '6414.TW', '5608.TW']: OperationalError('unable to open database file')
$8279.TWO: possibly delisted; no price data found  (1d 2026-05-23 -> 2026-07-08)
$6259.TWO: possibly delisted; no price data found  (1d 2026-05-23 -> 2026-07-08)
$8403.TWO: possibly delisted; no price data found  (1d 2026-05-23 -> 2026-07-08)
$7547.TWO: possibly delisted; no price data found  (1d 2026-05-23 -> 2026-07-08)
$6840.TWO: possibly delisted; no price data found  (1d 2026-05-23 -> 2026-07-08)
$6114.TWO: possibly delisted; no price data found  (1d 2026-05-23 -> 2026-07-08)
$5245.TWO: possibly delisted; no price data found  (1d 2026-05-23 -> 2026-07-08)
$5609.TWO: possibly delisted; no price data found  (1d 2026-05-23 -> 2026-07-08)
$8931.TWO: possibly delisted; no price data found  (1d 2026-05-23 -> 2026-07-08)
$6188.TWO: possibly delisted; no price data found  (1d 2026-05-23 -> 2026-07-08)
$8109.TWO: possibly delisted; no price data found  (1d 2026-05-23 -> 2026-07-08)
$6761.TWO: possibly delisted; no price data found  (1d 2026-05-23 -> 2026-07-08)
$6113.TWO: possibly delisted; no price data found  (1d 2026-05-23 -> 2026-07-08)
$8069.TWO: possibly delisted; no price data found  (1d 2026-05-23 -> 2026-07-08)
$6561.TWO: possibly delisted; no price data found  (1d 2026-05-23 -> 2026-07-08)
$8440.TWO: possibly delisted; no price data found  (1d 2026-05-23 -> 2026-07-08)
$7717.TWO: possibly delisted; no price data found  (1d 2026-05-23 -> 2026-07-08)
$8049.TWO: possibly delisted; no price data found  (1d 2026-05-23 -> 2026-07-08)
$8071.TWO: possibly delisted; no price data found  (1d 2026-05-23 -> 2026-07-08)
$7556.TWO: possibly delisted; no price data found  (1d 2026-05-23 -> 2026-07-08)
$8436.TWO: possibly delisted; no price data found  (1d 2026-05-23 -> 2026-07-08)
$6620.TWO: possibly delisted; no price data found  (1d 2026-05-23 -> 2026-07-08)
$6649.TWO: possibly delisted; no price data found  (1d 2026-05-23 -> 2026-07-08)
$6229.TWO: possibly delisted; no price data found  (1d 2026-05-23 -> 2026-07-08)
$6026.TWO: possibly delisted; no price data found  (1d 2026-05-23 -> 2026-07-08)
$6570.TWO: possibly delisted; no price data found  (1d 2026-05-23 -> 2026-07-08)
$6578.TWO: possibly delisted; no price data found  (1d 2026-05-23 -> 2026-07-08)
$7777.TWO: possibly delisted; no price data found  (1d 2026-05-23 -> 2026-07-08)
$6967.TWO: possibly delisted; no price data found  (1d 2026-05-23 -> 2026-07-08)
$6292.TWO: possibly delisted; no price data found  (1d 2026-05-23 -> 2026-07-08)
$5014.TWO: possibly delisted; no price data found  (1d 2026-05-23 -> 2026-07-08)
$6148.TWO: possibly delisted; no price data found  (1d 2026-05-23 -> 2026-07-08)
$6246.TWO: possibly delisted; no price data found  (1d 2026-05-23 -> 2026-07-08)
$6894.TWO: possibly delisted; no price data found  (1d 2026-05-23 -> 2026-07-08)
$7714.TWO: possibly delisted; no price data found  (1d 2026-05-23 -> 2026-07-08)

162 Failed downloads:
['8279.TWO', '6259.TWO', '8403.TWO', '7547.TWO', '6840.TWO', '6114.TWO', '5245.TWO', '5609.TWO', '8931.TWO', '6188.TWO', '8109.TWO', '6761.TWO', '6113.TWO', '8069.TWO', '6561.TWO', '8440.TWO', '7717.TWO', '8049.TWO', '8071.TWO', '7556.TWO', '8436.TWO', '6620.TWO', '6649.TWO', '6229.TWO', '6026.TWO', '6570.TWO', '6578.TWO', '7777.TWO', '6967.TWO', '6292.TWO', '5014.TWO', '6148.TWO', '6246.TWO', '6894.TWO', '7714.TWO']: possibly delisted; no price data found  (1d 2026-05-23 -> 2026-07-08)
['4772.TWO', '6716.TWO', '7718.TWO', '5236.TW', '8390.TWO', '9949.TWO', '6266.TWO', '5490.TWO', '5209.TWO', '8489.TWO', '5548.TWO', '6221.TWO', '5902.TWO', '6612.TWO', '8415.TWO', '5213.TWO', '7723.TWO', '4991.TWO', '5481.TWO', '6244.TWO', '5356.TWO', '6023.TWO', '6118.TWO', '6609.TWO', '8089.TWO', '6865.TWO', '6546.TWO', '9960.TWO', '6171.TWO', '8234.TWO', '6163.TWO', '6877.TWO', '4903.TWO', '6510.TWO', '6996.TWO', '5223.TWO', '5212.TWO', '4754.TWO', '8111.TWO', '6953.TWO', '5392.TWO', '5202.TWO', '6435.TWO', '8096.TWO', '8924.TWO', '6654.TWO', '6637.TWO', '7805.TWO', '6922.TWO', '5457.TWO', '5478.TWO', '6240.TWO', '5498.TWO', '5460.TWO', '8942.TWO', '8472.TWO', '7709.TWO', '8932.TWO', '6425.TWO', '6643.TWO', '6720.TWO', '8437.TWO', '8086.TWO', '5312.TWO', '6187.TWO', '5455.TWO', '5210.TWO', '6469.TWO', '6603.TWO', '5487.TWO', '6167.TWO', '6982.TWO', '6568.TWO', '8421.TWO', '5512.TWO', '6547.TWO', '6121.TWO', '6486.TWO', '8099.TWO', '5489.TWO', '6441.TWO', '5220.TWO', '6134.TWO', '8349.TWO', '6752.TWO', '6741.TWO', '6593.TWO', '6823.TWO', '5016.TWO', '4933.TWO', '4908.TWO', '5364.TWO', '5274.TWO', '6617.TWO', '6712.TWO', '6423.TWO', '6899.TWO', '7744.TWO', '8435.TWO', '9962.TWO', '7704.TWO', '6146.TWO', '6124.TWO', '6130.TWO', '8284.TWO', '6494.TWO', '8930.TWO', '6642.TWO', '5263.TWO', '4911.TWO', '8083.TWO', '6279.TWO', '4924.TWO', '6418.TWO', '8240.TWO', '4907.TWO', '6785.TWO', '7728.TWO', '5206.TWO', '8087.TWO', '8183.TWO', '6179.TWO', '6101.TWO', '6263.TWO', '6199.TWO', '6020.TWO', '5009.TWO']: OperationalError('unable to open database file')
$2374.TW: possibly delisted; no price data found  (1d 2026-07-08 -> 2026-07-22)
$3037.TW: possibly delisted; no price data found  (1d 2026-07-08 -> 2026-07-22)
$2412.TW: possibly delisted; no price data found  (1d 2026-07-08 -> 2026-07-22)
$1709.TW: possibly delisted; no price data found  (1d 2026-07-08 -> 2026-07-22)
$3714.TW: possibly delisted; no price data found  (1d 2026-07-08 -> 2026-07-22)
$1810.TW: possibly delisted; no price data found  (1d 2026-07-08 -> 2026-07-22)

17 Failed downloads:
['2374.TW', '3037.TW', '2412.TW', '1709.TW', '3714.TW', '1810.TW']: possibly delisted; no price data found  (1d 2026-07-08 -> 2026-07-22)
['3062.TW', '2301.TW', '3363.TWO', '3045.TW', '2615.TW', '1909.TW', '2838.TW', '3036.TW', '3545.TW', '2461.TW', '2530.TW']: OperationalError('unable to open database file')
=========================================================================
啟動：台股資券籌碼爬蟲與 T+1 實戰回測工具 (02_Margin_T1_Lab)
=========================================================================
正在下載台股歷史日曆...
正在下載最新的台股上市與上櫃股票清單...
共取得 1972 檔普通股
正在檢查 20260723 的官方信用交易資料是否已發布...
  ➔ 已偵測到最新公布資料日期: 20260723

【籌碼分析日】: 20260723 (T日)
  正在獲取資券歷史數據: 20260720, 20260721, 20260722, 20260723...
  資券爬取完成，開始進行籌碼變化過濾與計算...
  符合資券增加的候選股共 725 檔，開始下載技術面股價驗證...
  正在下載第 1/4 批股價數據 (共 200 檔, 區間 2026-06-08 ~ 2026-07-24)...
  正在下載第 2/4 批股價數據 (共 200 檔, 區間 2026-06-08 ~ 2026-07-24)...
  正在下載第 3/4 批股價數據 (共 200 檔, 區間 2026-06-08 ~ 2026-07-24)...
  正在下載第 4/4 批股價數據 (共 125 檔, 區間 2026-06-08 ~ 2026-07-24)...
  篩選完成！報告已儲存至 /Users/chenyinyi/Documents/antigravity/台股資料/02_Margin_T1_Lab/reports/margin_scan_20260723.csv，符合篩選個股共 266 檔

【開始進行 T+1 實戰回測驗收】
  回測對象 (T日): 20260707
  實戰交易時程:
    ➔ T+1 進場成本日: 20260708
    ➔ T+5 結算日: 20260714
    ➔ T+10 結算日: 20260721
  未發現 20260707 的掃描存檔，開始在線跑歷史篩選...

【籌碼分析日】: 20260707 (T日)
  正在獲取資券歷史數據: 20260702, 20260703, 20260706, 20260707...
  資券爬取完成，開始進行籌碼變化過濾與計算...
  符合資券增加的候選股共 563 檔，開始下載技術面股價驗證...
  正在下載第 1/3 批股價數據 (共 200 檔, 區間 2026-05-23 ~ 2026-07-08)...
  正在下載第 2/3 批股價數據 (共 200 檔, 區間 2026-05-23 ~ 2026-07-08)...
  正在下載第 3/3 批股價數據 (共 163 檔, 區間 2026-05-23 ~ 2026-07-08)...
  篩選完成！報告已儲存至 /Users/chenyinyi/Documents/antigravity/台股資料/02_Margin_T1_Lab/reports/margin_scan_20260707.csv，符合篩選個股共 17 檔
  正在下載第 1/1 批股價數據 (共 17 檔, 區間 2026-07-08 ~ 2026-07-22)...
  無法取得回測標的的結算價格數據。

【產出報告預覽】
📊 【台股獨立資券籌碼診斷 & T+1 回測報告】
📅 籌碼分析日 (T日)：2026/07/23
------------------------------------------
🔥 【當日資券篩選名單】
1. 🔥【資券同增：潛在軋空強勢股】(共 9 檔):
   - 2455 全新 (收盤: 345.00, 資當日增: +204, 券當日增: +120)
   - 2457 飛宏 (收盤: 24.60, 資當日增: +11, 券當日增: +4)
   - 3022 威強電 (收盤: 92.20, 資當日增: +174, 券當日增: +12)
   - 3406 玉晶光 (收盤: 532.00, 資當日增: +22, 券當日增: +3)
   - 6139 亞翔 (收盤: 858.00, 資當日增: +137, 券當日增: +8)
   - 6197 佳必琪 (收盤: 315.50, 資當日增: +30, 券當日增: +1)
   - 8476 台境* (收盤: 24.55, 資當日增: +262, 券當日增: +100)
   - 3081 聯亞 (收盤: 1830.00, 資當日增: +118, 券當日增: +69)
   * ... 尚有 1 檔，詳見 CSV 報表

2. 🚀【主力點火資】(共 178 檔):
   - 1229 聯華 (收盤: 42.50, 資當日增: +237)
   - 1301 台塑 (收盤: 66.20, 資當日增: +2716)
   - 1304 台聚 (收盤: 13.45, 資當日增: +261)
   - 1308 亞聚 (收盤: 14.55, 資當日增: +263)
   - 1309 台達化 (收盤: 15.40, 資當日增: +390)
   - 1310 台苯 (收盤: 10.20, 資當日增: +85)
   - 1312 國喬 (收盤: 13.95, 資當日增: +2753)
   - 1313 聯成 (收盤: 12.30, 資當日增: +515)
   * ... 尚有 170 檔，詳見 CSV 報表

3. ⚠️【散戶套牢資 / 留意斷頭】(共 73 檔):
   - 1102 亞泥 (收盤: 32.70, 資當日增: +7)
   - 1215 卜蜂 (收盤: 109.50, 資當日增: +8)
   - 1218 泰山 (收盤: 15.95, 資當日增: +3)
   - 1314 中石化 (收盤: 8.41, 資當日增: +1225)
   - 1316 上曜 (收盤: 10.20, 資當日增: +30)
   - 1319 東陽 (收盤: 72.90, 資當日增: +22)
   - 1409 新纖 (收盤: 23.80, 資當日增: +115)
   - 1440 南紡 (收盤: 12.85, 資當日增: +10)
   * ... 尚有 65 檔，詳見 CSV 報表
------------------------------------------
🎯 【T+1 實戰回測驗收對帳單】
📅 回測對象 (T日): 20260707 (T+10 結算數據尚未收齊，暫無回測表現)
------------------------------------------
ℹ️ 本日報表與回測 CSV 檔案已儲存於 `02_Margin_T1_Lab/reports/`
[Telegram] 發送時發生異常: HTTPSConnectionPool(host='api.telegram.org', port=443): Max retries exceeded with url: /bot8948816767:AAHnUGU4eVLHN1U4aELeZbgJtrF-nxpetJE/sendMessage (Caused by NameResolutionError("HTTPSConnection(host='api.telegram.org', port=443): Failed to resolve 'api.telegram.org' ([Errno 8] nodename nor servname provided, or not known)"))

執行結束，所有檔案已完成獨立產出。
Failed to get ticker '2397.TW' reason: Failed to perform, curl: (6) getaddrinfo() thread failed to start. See https://curl.se/libcurl/c/libcurl-errors.html first for more details.
$2476.TW: possibly delisted; no price data found  (1d 2026-06-09 -> 2026-07-25)
Failed to get ticker '1232.TW' reason: Failed to perform, curl: (6) getaddrinfo() thread failed to start. See https://curl.se/libcurl/c/libcurl-errors.html first for more details.
$2329.TW: possibly delisted; no price data found  (1d 2026-06-09 -> 2026-07-25)
$2832.TW: possibly delisted; no price data found  (1d 2026-06-09 -> 2026-07-25)
$1608.TW: possibly delisted; no price data found  (1d 2026-06-09 -> 2026-07-25)
$2915.TW: possibly delisted; no price data found  (1d 2026-06-09 -> 2026-07-25)
$2425.TW: possibly delisted; no price data found  (1d 2026-06-09 -> 2026-07-25)
Failed to get ticker '1537.TW' reason: Failed to perform, curl: (6) getaddrinfo() thread failed to start. See https://curl.se/libcurl/c/libcurl-errors.html first for more details.
$1537.TW: possibly delisted; no timezone found
$2535.TW: possibly delisted; no price data found  (1d 2026-06-09 -> 2026-07-25)
Failed to get ticker '1568.TW' reason: Failed to perform, curl: (6) getaddrinfo() thread failed to start. See https://curl.se/libcurl/c/libcurl-errors.html first for more details.
$1568.TW: possibly delisted; no timezone found
$2356.TW: possibly delisted; no price data found  (1d 2026-06-09 -> 2026-07-25)
$2104.TW: possibly delisted; no price data found  (1d 2026-06-09 -> 2026-07-25)
$2426.TW: possibly delisted; no price data found  (1d 2026-06-09 -> 2026-07-25)
$1312.TW: possibly delisted; no price data found  (1d 2026-06-09 -> 2026-07-25)
$1338.TW: possibly delisted; no price data found  (1d 2026-06-09 -> 2026-07-25)
Failed to get ticker '1323.TW' reason: Failed to perform, curl: (6) getaddrinfo() thread failed to start. See https://curl.se/libcurl/c/libcurl-errors.html first for more details.
$1323.TW: possibly delisted; no timezone found
$2108.TW: possibly delisted; no price data found  (1d 2026-06-09 -> 2026-07-25)
Failed to get ticker '2881.TW' reason: Failed to perform, curl: (6) getaddrinfo() thread failed to start. See https://curl.se/libcurl/c/libcurl-errors.html first for more details.
$2881.TW: possibly delisted; no timezone found
$1314.TW: possibly delisted; no price data found  (1d 2026-06-09 -> 2026-07-25)
Failed to get ticker '3006.TW' reason: Failed to perform, curl: (6) getaddrinfo() thread failed to start. See https://curl.se/libcurl/c/libcurl-errors.html first for more details.
$3006.TW: possibly delisted; no timezone found
Failed to get ticker '1466.TW' reason: Failed to perform, curl: (6) getaddrinfo() thread failed to start. See https://curl.se/libcurl/c/libcurl-errors.html first for more details.
$1466.TW: possibly delisted; no timezone found
Failed to get ticker '1806.TW' reason: Failed to perform, curl: (6) getaddrinfo() thread failed to start. See https://curl.se/libcurl/c/libcurl-errors.html first for more details.
$1806.TW: possibly delisted; no timezone found
Failed to get ticker '2906.TW' reason: Failed to perform, curl: (6) getaddrinfo() thread failed to start. See https://curl.se/libcurl/c/libcurl-errors.html first for more details.
$2906.TW: possibly delisted; no timezone found
$3138.TW: possibly delisted; no price data found  (1d 2026-06-09 -> 2026-07-25)
$2939.TW: possibly delisted; no price data found  (1d 2026-06-09 -> 2026-07-25)
$3046.TW: possibly delisted; no price data found  (1d 2026-06-09 -> 2026-07-25)
$2850.TW: possibly delisted; no price data found  (1d 2026-06-09 -> 2026-07-25)
Failed to get ticker '1220.TW' reason: Failed to perform, curl: (6) getaddrinfo() thread failed to start. See https://curl.se/libcurl/c/libcurl-errors.html first for more details.
$1220.TW: possibly delisted; no timezone found
Failed to get ticker '2239.TW' reason: Failed to perform, curl: (6) getaddrinfo() thread failed to start. See https://curl.se/libcurl/c/libcurl-errors.html first for more details.
$2239.TW: possibly delisted; no timezone found
Failed to get ticker '2486.TW' reason: Failed to perform, curl: (77) error setting certificate verify locations:  CAfile: /Users/chenyinyi/miniconda3/ssl/cert.pem CApath: none. See https://curl.se/libcurl/c/libcurl-errors.html first for more details.
$2486.TW: possibly delisted; no timezone found
Failed to get ticker '2524.TW' reason: Failed to perform, curl: (6) Could not resolve host: query2.finance.yahoo.com. See https://curl.se/libcurl/c/libcurl-errors.html first for more details.
$2524.TW: possibly delisted; no timezone found
$2348.TW: possibly delisted; no price data found  (1d 2026-06-09 -> 2026-07-25)
$3027.TW: possibly delisted; no price data found  (1d 2026-06-09 -> 2026-07-25)
$2801.TW: possibly delisted; no price data found  (1d 2026-06-09 -> 2026-07-25)
$2408.TW: possibly delisted; no price data found  (1d 2026-06-09 -> 2026-07-25)
$2405.TW: possibly delisted; no price data found  (1d 2026-06-09 -> 2026-07-25)
Failed to get ticker '2645.TW' reason: Failed to perform, curl: (6) Could not resolve host: query2.finance.yahoo.com. See https://curl.se/libcurl/c/libcurl-errors.html first for more details.
$2645.TW: possibly delisted; no timezone found
$2527.TW: possibly delisted; no price data found  (1d 2026-06-09 -> 2026-07-25)
Failed to get ticker '3030.TW' reason: Failed to perform, curl: (6) getaddrinfo() thread failed to start. See https://curl.se/libcurl/c/libcurl-errors.html first for more details.
$3030.TW: possibly delisted; no timezone found
$1256.TW: possibly delisted; no price data found  (1d 2026-06-09 -> 2026-07-25)
Failed to get ticker '2614.TW' reason: Failed to perform, curl: (77) error setting certificate verify locations:  CAfile: /Users/chenyinyi/miniconda3/ssl/cert.pem CApath: none. See https://curl.se/libcurl/c/libcurl-errors.html first for more details.
$2614.TW: possibly delisted; no timezone found

95 Failed downloads:
['2397.TW']: DNSError('Failed to perform, curl: (6) getaddrinfo() thread failed to start. See https://curl.se/libcurl/c/libcurl-errors.html first for more details.')
['2312.TW', '2374.TW', '2354.TW', '3036.TW', '1615.TW', '2337.TW', '2419.TW', '2301.TW', '2305.TW', '2882.TW', '3149.TW', '2723.TW', '1326.TW', '1216.TW', '2069.TW', '1301.TW', '2498.TW', '1773.TW', '2849.TW', '1437.TW', '2415.TW', '1533.TW', '2904.TW', '1526.TW', '2539.TW', '2059.TW', '2597.TW', '2399.TW', '2468.TW', '3013.TW', '3135.TW', '2033.TW', '3094.TW', '2332.TW', '2362.TW', '1709.TW', '1310.TW', '1337.TW', '3055.TW', '1536.TW', '1416.TW', '2545.TW', '1905.TW', '2886.TW', '2929.TW', '2430.TW', '3052.TW', '3004.TW', '2501.TW', '3011.TW', '2466.TW', '2727.TW', '1439.TW']: OperationalError('unable to open database file')
['2476.TW', '2329.TW', '2832.TW', '1608.TW', '2915.TW', '2425.TW', '2535.TW', '2356.TW', '2104.TW', '2426.TW', '1312.TW', '1338.TW', '2108.TW', '1314.TW', '3138.TW', '2939.TW', '3046.TW', '2850.TW', '2348.TW', '3027.TW', '2801.TW', '2408.TW', '2405.TW', '2527.TW', '1256.TW']: possibly delisted; no price data found  (1d 2026-06-09 -> 2026-07-25)
['1232.TW']: SSLError('Failed to perform, curl: (77) error setting certificate verify locations:  CAfile: /Users/chenyinyi/miniconda3/ssl/cert.pem CApath: none. See https://curl.se/libcurl/c/libcurl-errors.html first for more details.')
['1537.TW', '1568.TW', '1323.TW', '2881.TW', '3006.TW', '1466.TW', '1806.TW', '2906.TW', '1220.TW', '2239.TW', '2486.TW', '2524.TW', '2645.TW', '3030.TW', '2614.TW']: possibly delisted; no timezone found
Failed to get ticker '6477.TW' reason: Failed to perform, curl: (6) Could not resolve host: query2.finance.yahoo.com. See https://curl.se/libcurl/c/libcurl-errors.html first for more details.
$6477.TW: possibly delisted; no timezone found
$6438.TW: possibly delisted; no price data found  (1d 2026-06-09 -> 2026-07-25)
$4737.TW: possibly delisted; no price data found  (1d 2026-06-09 -> 2026-07-25)
Failed to get ticker '6666.TW' reason: Failed to perform, curl: (6) Could not resolve host: query2.finance.yahoo.com. See https://curl.se/libcurl/c/libcurl-errors.html first for more details.
$6666.TW: possibly delisted; no timezone found
$8478.TW: possibly delisted; no price data found  (1d 2026-06-09 -> 2026-07-25)
$8422.TW: possibly delisted; no price data found  (1d 2026-06-09 -> 2026-07-25)
$4739.TW: possibly delisted; no price data found  (1d 2026-06-09 -> 2026-07-25)
$5608.TW: possibly delisted; no price data found  (1d 2026-06-09 -> 2026-07-25)
$4912.TW: possibly delisted; no price data found  (1d 2026-06-09 -> 2026-07-25)
Failed to get ticker '2754.TWO' reason: Failed to perform, curl: (6) getaddrinfo() thread failed to start. See https://curl.se/libcurl/c/libcurl-errors.html first for more details.
$2754.TWO: possibly delisted; no timezone found
Failed to get ticker '9944.TW' reason: Failed to perform, curl: (6) getaddrinfo() thread failed to start. See https://curl.se/libcurl/c/libcurl-errors.html first for more details.
$9944.TW: possibly delisted; no timezone found
$6209.TW: possibly delisted; no price data found  (1d 2026-06-09 -> 2026-07-25)
Failed to get ticker '8162.TW' reason: Failed to perform, curl: (77) error setting certificate verify locations:  CAfile: /Users/chenyinyi/miniconda3/ssl/cert.pem CApath: none. See https://curl.se/libcurl/c/libcurl-errors.html first for more details.
$8162.TW: possibly delisted; no timezone found
$9958.TW: possibly delisted; no price data found  (1d 2026-06-09 -> 2026-07-25)
$2743.TWO: possibly delisted; no price data found  (1d 2026-06-09 -> 2026-07-25)
Failed to get ticker '8163.TW' reason: Failed to perform, curl: (6) getaddrinfo() thread failed to start. See https://curl.se/libcurl/c/libcurl-errors.html first for more details.
$8163.TW: possibly delisted; no timezone found
$3545.TW: possibly delisted; no price data found  (1d 2026-06-09 -> 2026-07-25)
$8271.TW: possibly delisted; no price data found  (1d 2026-06-09 -> 2026-07-25)
Failed to get ticker '2718.TWO' reason: Failed to perform, curl: (6) getaddrinfo() thread failed to start. See https://curl.se/libcurl/c/libcurl-errors.html first for more details.
$2718.TWO: possibly delisted; no timezone found
Failed to get ticker '5469.TW' reason: Failed to perform, curl: (6) getaddrinfo() thread failed to start. See https://curl.se/libcurl/c/libcurl-errors.html first for more details.
$5469.TW: possibly delisted; no timezone found
$3563.TW: possibly delisted; no price data found  (1d 2026-06-09 -> 2026-07-25)
Failed to get ticker '6456.TW' reason: Failed to perform, curl: (6) Could not resolve host: query2.finance.yahoo.com. See https://curl.se/libcurl/c/libcurl-errors.html first for more details.
$6456.TW: possibly delisted; no timezone found
$3296.TW: possibly delisted; no price data found  (1d 2026-06-09 -> 2026-07-25)
Failed to get ticker '6153.TW' reason: Failed to perform, curl: (6) getaddrinfo() thread failed to start. See https://curl.se/libcurl/c/libcurl-errors.html first for more details.
$6153.TW: possibly delisted; no timezone found
$8104.TW: possibly delisted; no price data found  (1d 2026-06-09 -> 2026-07-25)
$1586.TWO: possibly delisted; no price data found  (1d 2026-06-09 -> 2026-07-25)
Failed to get ticker '6533.TW' reason: Failed to perform, curl: (77) error setting certificate verify locations:  CAfile: /Users/chenyinyi/miniconda3/ssl/cert.pem CApath: none. See https://curl.se/libcurl/c/libcurl-errors.html first for more details.
$6533.TW: possibly delisted; no timezone found
$6257.TW: possibly delisted; no price data found  (1d 2026-06-09 -> 2026-07-25)
Failed to get ticker '2736.TWO' reason: Failed to perform, curl: (6) getaddrinfo() thread failed to start. See https://curl.se/libcurl/c/libcurl-errors.html first for more details.
$2736.TWO: possibly delisted; no timezone found
$3669.TW: possibly delisted; no price data found  (1d 2026-06-09 -> 2026-07-25)
Failed to get ticker '6689.TW' reason: Failed to perform, curl: (6) Could not resolve host: query2.finance.yahoo.com. See https://curl.se/libcurl/c/libcurl-errors.html first for more details.
$6689.TW: possibly delisted; no timezone found
Failed to get ticker '9938.TW' reason: Failed to perform, curl: (6) getaddrinfo() thread failed to start. See https://curl.se/libcurl/c/libcurl-errors.html first for more details.
$9938.TW: possibly delisted; no timezone found
Failed to get ticker '6176.TW' reason: Failed to perform, curl: (6) getaddrinfo() thread failed to start. See https://curl.se/libcurl/c/libcurl-errors.html first for more details.
$6176.TW: possibly delisted; no timezone found
$6698.TW: possibly delisted; no price data found  (1d 2026-06-09 -> 2026-07-25)
Failed to get ticker '1796.TWO' reason: Failed to perform, curl: (6) Could not resolve host: query2.finance.yahoo.com. See https://curl.se/libcurl/c/libcurl-errors.html first for more details.
$1796.TWO: possibly delisted; no timezone found
Failed to get ticker '3652.TW' reason: Failed to perform, curl: (6) getaddrinfo() thread failed to start. See https://curl.se/libcurl/c/libcurl-errors.html first for more details.
$3652.TW: possibly delisted; no timezone found
Failed to get ticker '6658.TW' reason: Failed to perform, curl: (6) getaddrinfo() thread failed to start. See https://curl.se/libcurl/c/libcurl-errors.html first for more details.
$6658.TW: possibly delisted; no timezone found
Failed to get ticker '9908.TW' reason: Failed to perform, curl: (77) error setting certificate verify locations:  CAfile: /Users/chenyinyi/miniconda3/ssl/cert.pem CApath: none. See https://curl.se/libcurl/c/libcurl-errors.html first for more details.
$9908.TW: possibly delisted; no timezone found
$4770.TW: possibly delisted; no price data found  (1d 2026-06-09 -> 2026-07-25)
Failed to get ticker '8487.TW' reason: Failed to perform, curl: (6) Could not resolve host: query2.finance.yahoo.com. See https://curl.se/libcurl/c/libcurl-errors.html first for more details.
$8487.TW: possibly delisted; no timezone found
$6164.TW: possibly delisted; no price data found  (1d 2026-06-09 -> 2026-07-25)
Failed to get ticker '3066.TWO' reason: Failed to perform, curl: (6) getaddrinfo() thread failed to start. See https://curl.se/libcurl/c/libcurl-errors.html first for more details.
$3066.TWO: possibly delisted; no timezone found
$3308.TW: possibly delisted; no price data found  (1d 2026-06-09 -> 2026-07-25)
Failed to get ticker '3711.TW' reason: Failed to perform, curl: (6) getaddrinfo() thread failed to start. See https://curl.se/libcurl/c/libcurl-errors.html first for more details.
$3711.TW: possibly delisted; no timezone found
$4532.TW: possibly delisted; no price data found  (1d 2026-06-09 -> 2026-07-25)
$3515.TW: possibly delisted; no price data found  (1d 2026-06-09 -> 2026-07-25)
Failed to get ticker '4566.TW' reason: Failed to perform, curl: (6) Could not resolve host: query2.finance.yahoo.com. See https://curl.se/libcurl/c/libcurl-errors.html first for more details.
$4566.TW: possibly delisted; no timezone found
$6531.TW: possibly delisted; no price data found  (1d 2026-06-09 -> 2026-07-25)
$6923.TW: possibly delisted; no price data found  (1d 2026-06-09 -> 2026-07-25)
Failed to get ticker '7722.TW' reason: Failed to perform, curl: (6) getaddrinfo() thread failed to start. See https://curl.se/libcurl/c/libcurl-errors.html first for more details.
$7722.TW: possibly delisted; no timezone found
$3380.TW: possibly delisted; no price data found  (1d 2026-06-09 -> 2026-07-25)
$4915.TW: possibly delisted; no price data found  (1d 2026-06-09 -> 2026-07-25)
Failed to get ticker '8039.TW' reason: Failed to perform, curl: (6) getaddrinfo() thread failed to start. See https://curl.se/libcurl/c/libcurl-errors.html first for more details.
$8039.TW: possibly delisted; no timezone found
$4977.TW: possibly delisted; no price data found  (1d 2026-06-09 -> 2026-07-25)
Failed to get ticker '8404.TW' reason: Failed to perform, curl: (77) error setting certificate verify locations:  CAfile: /Users/chenyinyi/miniconda3/ssl/cert.pem CApath: none. See https://curl.se/libcurl/c/libcurl-errors.html first for more details.
$8404.TW: possibly delisted; no timezone found
Failed to get ticker '6579.TW' reason: Failed to perform, curl: (6) getaddrinfo() thread failed to start. See https://curl.se/libcurl/c/libcurl-errors.html first for more details.
$6579.TW: possibly delisted; no timezone found
$4994.TW: possibly delisted; no price data found  (1d 2026-06-09 -> 2026-07-25)
$6206.TW: possibly delisted; no price data found  (1d 2026-06-09 -> 2026-07-25)
Failed to get ticker '6416.TW' reason: Failed to perform, curl: (6) getaddrinfo() thread failed to start. See https://curl.se/libcurl/c/libcurl-errors.html first for more details.
$6416.TW: possibly delisted; no timezone found
$4148.TW: possibly delisted; no price data found  (1d 2026-06-09 -> 2026-07-25)
Failed to get ticker '6807.TW' reason: Failed to perform, curl: (77) error setting certificate verify locations:  CAfile: /Users/chenyinyi/miniconda3/ssl/cert.pem CApath: none. See https://curl.se/libcurl/c/libcurl-errors.html first for more details.
$6807.TW: possibly delisted; no timezone found
Failed to get ticker '6957.TW' reason: Failed to perform, curl: (6) getaddrinfo() thread failed to start. See https://curl.se/libcurl/c/libcurl-errors.html first for more details.
$6957.TW: possibly delisted; no timezone found
$4746.TW: possibly delisted; no price data found  (1d 2026-06-09 -> 2026-07-25)
Failed to get ticker '2221.TWO' reason: Failed to perform, curl: (6) getaddrinfo() thread failed to start. See https://curl.se/libcurl/c/libcurl-errors.html first for more details.
$2221.TWO: possibly delisted; no timezone found
$3081.TWO: possibly delisted; no price data found  (1d 2026-06-09 -> 2026-07-25)
$6202.TW: possibly delisted; no price data found  (1d 2026-06-09 -> 2026-07-25)
$6902.TW: possibly delisted; no price data found  (1d 2026-06-09 -> 2026-07-25)
Failed to get ticker '9918.TW' reason: Failed to perform, curl: (77) error setting certificate verify locations:  CAfile: /Users/chenyinyi/miniconda3/ssl/cert.pem CApath: none. See https://curl.se/libcurl/c/libcurl-errors.html first for more details.
$9918.TW: possibly delisted; no timezone found
$5515.TW: possibly delisted; no price data found  (1d 2026-06-09 -> 2026-07-25)
$6671.TW: possibly delisted; no price data found  (1d 2026-06-09 -> 2026-07-25)
$3518.TW: possibly delisted; no price data found  (1d 2026-06-09 -> 2026-07-25)
Failed to get ticker '3694.TW' reason: Failed to perform, curl: (77) error setting certificate verify locations:  CAfile: /Users/chenyinyi/miniconda3/ssl/cert.pem CApath: none. See https://curl.se/libcurl/c/libcurl-errors.html first for more details.
$3694.TW: possibly delisted; no timezone found
Failed to get ticker '4807.TW' reason: Failed to perform, curl: (6) getaddrinfo() thread failed to start. See https://curl.se/libcurl/c/libcurl-errors.html first for more details.
$4807.TW: possibly delisted; no timezone found
Failed to get ticker '6201.TW' reason: Failed to perform, curl: (6) getaddrinfo() thread failed to start. See https://curl.se/libcurl/c/libcurl-errors.html first for more details.
$6201.TW: possibly delisted; no timezone found
$6831.TW: possibly delisted; no price data found  (1d 2026-06-09 -> 2026-07-25)
Failed to get ticker '6890.TW' reason: Failed to perform, curl: (6) Could not resolve host: query2.finance.yahoo.com. See https://curl.se/libcurl/c/libcurl-errors.html first for more details.
$6890.TW: possibly delisted; no timezone found
Failed to get ticker '8045.TW' reason: Failed to perform, curl: (6) Could not resolve host: query2.finance.yahoo.com. See https://curl.se/libcurl/c/libcurl-errors.html first for more details.
$8045.TW: possibly delisted; no timezone found
Failed to get ticker '7740.TW' reason: Failed to perform, curl: (6) getaddrinfo() thread failed to start. See https://curl.se/libcurl/c/libcurl-errors.html first for more details.
$7740.TW: possibly delisted; no timezone found
Failed to get ticker '3704.TW' reason: Failed to perform, curl: (77) error setting certificate verify locations:  CAfile: /Users/chenyinyi/miniconda3/ssl/cert.pem CApath: none. See https://curl.se/libcurl/c/libcurl-errors.html first for more details.
$3704.TW: possibly delisted; no timezone found
$5234.TW: possibly delisted; no price data found  (1d 2026-06-09 -> 2026-07-25)
Failed to get ticker '7711.TW' reason: Failed to perform, curl: (6) getaddrinfo() thread failed to start. See https://curl.se/libcurl/c/libcurl-errors.html first for more details.
Failed to get ticker '6782.TW' reason: Failed to perform, curl: (6) Could not resolve host: query2.finance.yahoo.com. See https://curl.se/libcurl/c/libcurl-errors.html first for more details.
$7711.TW: possibly delisted; no timezone found
$6782.TW: possibly delisted; no timezone found
Failed to get ticker '6592.TW' reason: Failed to perform, curl: (6) Could not resolve host: query2.finance.yahoo.com. See https://curl.se/libcurl/c/libcurl-errors.html first for more details.
$6592.TW: possibly delisted; no timezone found
Failed to get ticker '3530.TW' reason: Failed to perform, curl: (6) getaddrinfo() thread failed to start. See https://curl.se/libcurl/c/libcurl-errors.html first for more details.
$3530.TW: possibly delisted; no timezone found
Failed to get ticker '4576.TW' reason: Failed to perform, curl: (6) Could not resolve host: query2.finance.yahoo.com. See https://curl.se/libcurl/c/libcurl-errors.html first for more details.
$4576.TW: possibly delisted; no timezone found
Failed to get ticker '7721.TW' reason: Failed to perform, curl: (6) getaddrinfo() thread failed to start. See https://curl.se/libcurl/c/libcurl-errors.html first for more details.
$7721.TW: possibly delisted; no timezone found
$6215.TW: possibly delisted; no price data found  (1d 2026-06-09 -> 2026-07-25)
Failed to get ticker '7750.TW' reason: Failed to perform, curl: (6) getaddrinfo() thread failed to start. See https://curl.se/libcurl/c/libcurl-errors.html first for more details.
$7750.TW: possibly delisted; no timezone found
Failed to get ticker '5243.TW' reason: Failed to perform, curl: (6) getaddrinfo() thread failed to start. See https://curl.se/libcurl/c/libcurl-errors.html first for more details.
$5243.TW: possibly delisted; no timezone found
$6830.TW: possibly delisted; no price data found  (1d 2026-06-09 -> 2026-07-25)
Failed to get ticker '8033.TW' reason: Failed to perform, curl: (6) getaddrinfo() thread failed to start. See https://curl.se/libcurl/c/libcurl-errors.html first for more details.
$8033.TW: possibly delisted; no timezone found
$6136.TW: possibly delisted; no price data found  (1d 2026-06-09 -> 2026-07-25)
$3605.TW: possibly delisted; no price data found  (1d 2026-06-09 -> 2026-07-25)
$6239.TW: possibly delisted; no price data found  (1d 2026-06-09 -> 2026-07-25)
$8105.TW: possibly delisted; no price data found  (1d 2026-06-09 -> 2026-07-25)
Failed to get ticker '8442.TW' reason: Failed to perform, curl: (6) getaddrinfo() thread failed to start. See https://curl.se/libcurl/c/libcurl-errors.html first for more details.
$8442.TW: possibly delisted; no timezone found
$3416.TW: possibly delisted; no price data found  (1d 2026-06-09 -> 2026-07-25)
$4949.TW: possibly delisted; no price data found  (1d 2026-06-09 -> 2026-07-25)

196 Failed downloads:
['6477.TW', '6666.TW', '2754.TWO', '9944.TW', '8162.TW', '8163.TW', '2718.TWO', '5469.TW', '6456.TW', '6153.TW', '6533.TW', '2736.TWO', '6689.TW', '9938.TW', '6176.TW', '1796.TWO', '3652.TW', '6658.TW', '9908.TW', '8487.TW', '3066.TWO', '3711.TW', '4566.TW', '7722.TW', '8039.TW', '8404.TW', '6579.TW', '6416.TW', '6807.TW', '6957.TW', '2221.TWO', '9918.TW', '3694.TW', '4807.TW', '6201.TW', '6890.TW', '8045.TW', '7740.TW', '3704.TW', '7711.TW', '6782.TW', '6592.TW', '3530.TW', '4576.TW', '7721.TW', '7750.TW', '5243.TW', '8033.TW', '8442.TW']: possibly delisted; no timezone found
['6438.TW', '4737.TW', '8478.TW', '8422.TW', '4739.TW', '5608.TW', '4912.TW', '6209.TW', '9958.TW', '2743.TWO', '3545.TW', '8271.TW', '3563.TW', '3296.TW', '8104.TW', '1586.TWO', '6257.TW', '3669.TW', '6698.TW', '4770.TW', '6164.TW', '3308.TW', '4532.TW', '3515.TW', '6531.TW', '6923.TW', '3380.TW', '4915.TW', '4977.TW', '4994.TW', '6206.TW', '4148.TW', '4746.TW', '3081.TWO', '6202.TW', '6902.TW', '5515.TW', '3518.TW', '6671.TW', '6831.TW', '5234.TW', '6215.TW', '6830.TW', '6136.TW', '3605.TW', '6239.TW', '8105.TW', '3416.TW', '4949.TW']: possibly delisted; no price data found  (1d 2026-06-09 -> 2026-07-25)
['8215.TW', '6691.TW', '3346.TW', '9910.TW', '3504.TW', '3661.TW', '3450.TW', '4976.TW', '4916.TW', '9919.TW', '5607.TW', '4562.TW', '3095.TWO', '6472.TW', '8454.TW', '4763.TW', '6770.TW', '5258.TW', '6133.TW', '6166.TW', '6944.TW', '6277.TW', '6128.TW', '6757.TW', '6672.TW', '6706.TW', '6213.TW', '6914.TW', '6272.TW', '6781.TW', '6753.TW', '6789.TW', '6873.TW', '6863.TW', '6005.TW', '4960.TW', '3588.TW', '5388.TW', '3716.TW', '3591.TW', '6928.TW', '6835.TW', '5876.TW', '2066.TWO', '4306.TW', '8476.TW', '6285.TW', '6906.TW', '7786.TW', '4441.TW', '3583.TW', '1294.TWO', '8210.TW', '1295.TWO', '3703.TW', '2230.TWO', '6235.TW', '6641.TW', '3528.TW', '3311.TW', '6505.TW', '1742.TWO', '6994.TW', '8110.TW', '3376.TW', '6226.TW', '7799.TW', '8438.TW', '6933.TW', '8249.TW', '9935.TW', '6426.TW', '8072.TW', '6887.TW', '4552.TW', '6695.TW', '6805.TW', '8222.TW', '8374.TW', '5907.TW', '6451.TW', '3550.TW', '6585.TW', '5546.TW', '6442.TW', '7769.TW', '6243.TW', '6743.TW', '3702.TW', '6715.TW', '8499.TW', '3093.TWO', '2061.TWO', '4967.TW', '6869.TW', '5222.TW', '8081.TW', '9941.TW']: OperationalError('unable to open database file')
$6716.TWO: possibly delisted; no price data found  (1d 2026-06-09 -> 2026-07-25)
Failed to get ticker '4513.TWO' reason: Failed to perform, curl: (6) Could not resolve host: query2.finance.yahoo.com. See https://curl.se/libcurl/c/libcurl-errors.html first for more details.
$4513.TWO: possibly delisted; no timezone found
$3555.TWO: possibly delisted; no price data found  (1d 2026-06-09 -> 2026-07-25)
Failed to get ticker '3317.TWO' reason: Failed to perform, curl: (6) getaddrinfo() thread failed to start. See https://curl.se/libcurl/c/libcurl-errors.html first for more details.
$3317.TWO: possibly delisted; no timezone found
$6245.TWO: possibly delisted; no price data found  (1d 2026-06-09 -> 2026-07-25)
Failed to get ticker '3131.TWO' reason: Failed to perform, curl: (6) Could not resolve host: query2.finance.yahoo.com. See https://curl.se/libcurl/c/libcurl-errors.html first for more details.
$3131.TWO: possibly delisted; no timezone found
$3693.TWO: possibly delisted; no price data found  (1d 2026-06-09 -> 2026-07-25)
Failed to get ticker '4563.TWO' reason: Failed to perform, curl: (6) getaddrinfo() thread failed to start. See https://curl.se/libcurl/c/libcurl-errors.html first for more details.
$4563.TWO: possibly delisted; no timezone found
$4171.TWO: possibly delisted; no price data found  (1d 2026-06-09 -> 2026-07-25)
$6021.TWO: possibly delisted; no price data found  (1d 2026-06-09 -> 2026-07-25)
$3272.TWO: possibly delisted; no price data found  (1d 2026-06-09 -> 2026-07-25)
Failed to get ticker '3498.TWO' reason: Failed to perform, curl: (6) getaddrinfo() thread failed to start. See https://curl.se/libcurl/c/libcurl-errors.html first for more details.
$3498.TWO: possibly delisted; no timezone found
$3430.TWO: possibly delisted; no price data found  (1d 2026-06-09 -> 2026-07-25)
Failed to get ticker '6925.TWO' reason: Failed to perform, curl: (6) getaddrinfo() thread failed to start. See https://curl.se/libcurl/c/libcurl-errors.html first for more details.
$6925.TWO: possibly delisted; no timezone found
Failed to get ticker '3260.TWO' reason: Failed to perform, curl: (6) Could not resolve host: query2.finance.yahoo.com. See https://curl.se/libcurl/c/libcurl-errors.html first for more details.
$3260.TWO: possibly delisted; no timezone found
$3455.TWO: possibly delisted; no price data found  (1d 2026-06-09 -> 2026-07-25)
$6148.TWO: possibly delisted; no price data found  (1d 2026-06-09 -> 2026-07-25)
Failed to get ticker '5289.TWO' reason: Failed to perform, curl: (6) getaddrinfo() thread failed to start. See https://curl.se/libcurl/c/libcurl-errors.html first for more details.
$5289.TWO: possibly delisted; no timezone found
Failed to get ticker '6874.TWO' reason: Failed to perform, curl: (6) Could not resolve host: query2.finance.yahoo.com. See https://curl.se/libcurl/c/libcurl-errors.html first for more details.
$6874.TWO: possibly delisted; no timezone found
$6482.TWO: possibly delisted; no price data found  (1d 2026-06-09 -> 2026-07-25)
$3489.TWO: possibly delisted; no price data found  (1d 2026-06-09 -> 2026-07-25)
$3646.TWO: possibly delisted; no price data found  (1d 2026-06-09 -> 2026-07-25)
$3511.TWO: possibly delisted; no price data found  (1d 2026-06-09 -> 2026-07-25)
Failed to get ticker '3558.TWO' reason: Failed to perform, curl: (6) Could not resolve host: query2.finance.yahoo.com. See https://curl.se/libcurl/c/libcurl-errors.html first for more details.
$3558.TWO: possibly delisted; no timezone found
$5481.TWO: possibly delisted; no price data found  (1d 2026-06-09 -> 2026-07-25)
$5278.TWO: possibly delisted; no price data found  (1d 2026-06-09 -> 2026-07-25)
$3363.TWO: possibly delisted; no price data found  (1d 2026-06-09 -> 2026-07-25)
$6804.TWO: possibly delisted; no price data found  (1d 2026-06-09 -> 2026-07-25)
Failed to get ticker '6913.TWO' reason: Failed to perform, curl: (6) getaddrinfo() thread failed to start. See https://curl.se/libcurl/c/libcurl-errors.html first for more details.
$6913.TWO: possibly delisted; no timezone found
Failed to get ticker '6877.TWO' reason: Failed to perform, curl: (6) Could not resolve host: query2.finance.yahoo.com. See https://curl.se/libcurl/c/libcurl-errors.html first for more details.
$6877.TWO: possibly delisted; no timezone found
$3147.TWO: possibly delisted; no price data found  (1d 2026-06-09 -> 2026-07-25)
$6967.TWO: possibly delisted; no price data found  (1d 2026-06-09 -> 2026-07-25)
$4743.TWO: possibly delisted; no price data found  (1d 2026-06-09 -> 2026-07-25)
$7723.TWO: possibly delisted; no price data found  (1d 2026-06-09 -> 2026-07-25)
$4113.TWO: possibly delisted; no price data found  (1d 2026-06-09 -> 2026-07-25)
Failed to get ticker '3441.TWO' reason: Failed to perform, curl: (6) getaddrinfo() thread failed to start. See https://curl.se/libcurl/c/libcurl-errors.html first for more details.
$3441.TWO: possibly delisted; no timezone found
$3687.TWO: possibly delisted; no price data found  (1d 2026-06-09 -> 2026-07-25)
Failed to get ticker '6147.TWO' reason: Failed to perform, curl: (77) error setting certificate verify locations:  CAfile: /Users/chenyinyi/miniconda3/ssl/cert.pem CApath: none. See https://curl.se/libcurl/c/libcurl-errors.html first for more details.
$6147.TWO: possibly delisted; no timezone found
$5011.TWO: possibly delisted; no price data found  (1d 2026-06-09 -> 2026-07-25)
$6642.TWO: possibly delisted; no price data found  (1d 2026-06-09 -> 2026-07-25)
$5457.TWO: possibly delisted; no price data found  (1d 2026-06-09 -> 2026-07-25)
$4760.TWO: possibly delisted; no price data found  (1d 2026-06-09 -> 2026-07-25)
$5386.TWO: possibly delisted; no price data found  (1d 2026-06-09 -> 2026-07-25)
$3211.TWO: possibly delisted; no price data found  (1d 2026-06-09 -> 2026-07-25)
$6684.TWO: possibly delisted; no price data found  (1d 2026-06-09 -> 2026-07-25)
Failed to get ticker '3284.TWO' reason: Failed to perform, curl: (6) getaddrinfo() thread failed to start. See https://curl.se/libcurl/c/libcurl-errors.html first for more details.
$3284.TWO: possibly delisted; no timezone found
Failed to get ticker '4707.TWO' reason: Failed to perform, curl: (77) error setting certificate verify locations:  CAfile: /Users/chenyinyi/miniconda3/ssl/cert.pem CApath: none. See https://curl.se/libcurl/c/libcurl-errors.html first for more details.
$4707.TWO: possibly delisted; no timezone found
$6654.TWO: possibly delisted; no price data found  (1d 2026-06-09 -> 2026-07-25)
Failed to get ticker '6425.TWO' reason: Failed to perform, curl: (6) Could not resolve host: query2.finance.yahoo.com. See https://curl.se/libcurl/c/libcurl-errors.html first for more details.
$6425.TWO: possibly delisted; no timezone found
$5488.TWO: possibly delisted; no price data found  (1d 2026-06-09 -> 2026-07-25)
$6637.TWO: possibly delisted; no price data found  (1d 2026-06-09 -> 2026-07-25)
Failed to get ticker '6821.TWO' reason: Failed to perform, curl: (6) getaddrinfo() thread failed to start. See https://curl.se/libcurl/c/libcurl-errors.html first for more details.
$6821.TWO: possibly delisted; no timezone found
Failed to get ticker '5287.TWO' reason: Failed to perform, curl: (6) getaddrinfo() thread failed to start. See https://curl.se/libcurl/c/libcurl-errors.html first for more details.
$5287.TWO: possibly delisted; no timezone found
$6265.TWO: possibly delisted; no price data found  (1d 2026-06-09 -> 2026-07-25)
Failed to get ticker '4580.TWO' reason: Failed to perform, curl: (6) Could not resolve host: query2.finance.yahoo.com. See https://curl.se/libcurl/c/libcurl-errors.html first for more details.
Failed to get ticker '3128.TWO' reason: Failed to perform, curl: (6) Could not resolve host: query2.finance.yahoo.com. See https://curl.se/libcurl/c/libcurl-errors.html first for more details.
$4580.TWO: possibly delisted; no timezone found
$3128.TWO: possibly delisted; no timezone found
Failed to get ticker '6651.TWO' reason: Failed to perform, curl: (6) getaddrinfo() thread failed to start. See https://curl.se/libcurl/c/libcurl-errors.html first for more details.
$6651.TWO: possibly delisted; no timezone found
$6568.TWO: possibly delisted; no price data found  (1d 2026-06-09 -> 2026-07-25)
$5291.TWO: possibly delisted; no price data found  (1d 2026-06-09 -> 2026-07-25)
$6894.TWO: possibly delisted; no price data found  (1d 2026-06-09 -> 2026-07-25)
$7547.TWO: possibly delisted; no price data found  (1d 2026-06-09 -> 2026-07-25)
$6593.TWO: possibly delisted; no price data found  (1d 2026-06-09 -> 2026-07-25)
$6101.TWO: possibly delisted; no price data found  (1d 2026-06-09 -> 2026-07-25)
Failed to get ticker '6953.TWO' reason: Failed to perform, curl: (6) getaddrinfo() thread failed to start. See https://curl.se/libcurl/c/libcurl-errors.html first for more details.
$6953.TWO: possibly delisted; no timezone found
Failed to get ticker '3540.TWO' reason: Failed to perform, curl: (6) getaddrinfo() thread failed to start. See https://curl.se/libcurl/c/libcurl-errors.html first for more details.
$3540.TWO: possibly delisted; no timezone found
Failed to get ticker '4966.TWO' reason: Failed to perform, curl: (6) getaddrinfo() thread failed to start. See https://curl.se/libcurl/c/libcurl-errors.html first for more details.
$4966.TWO: possibly delisted; no timezone found
Failed to get ticker '6179.TWO' reason: Failed to perform, curl: (6) getaddrinfo() thread failed to start. See https://curl.se/libcurl/c/libcurl-errors.html first for more details.
$6179.TWO: possibly delisted; no timezone found
$6530.TWO: possibly delisted; no price data found  (1d 2026-06-09 -> 2026-07-25)
$6870.TWO: possibly delisted; no price data found  (1d 2026-06-09 -> 2026-07-25)
$3141.TWO: possibly delisted; no price data found  (1d 2026-06-09 -> 2026-07-25)
$6725.TWO: possibly delisted; no price data found  (1d 2026-06-09 -> 2026-07-25)
$3207.TWO: possibly delisted; no price data found  (1d 2026-06-09 -> 2026-07-25)
Failed to get ticker '3230.TWO' reason: Failed to perform, curl: (6) getaddrinfo() thread failed to start. See https://curl.se/libcurl/c/libcurl-errors.html first for more details.
$3230.TWO: possibly delisted; no timezone found
$6199.TWO: possibly delisted; no price data found  (1d 2026-06-09 -> 2026-07-25)
Failed to get ticker '7402.TWO' reason: Failed to perform, curl: (6) getaddrinfo() thread failed to start. See https://curl.se/libcurl/c/libcurl-errors.html first for more details.
$7402.TWO: possibly delisted; no timezone found
Failed to get ticker '6015.TWO' reason: Failed to perform, curl: (6) getaddrinfo() thread failed to start. See https://curl.se/libcurl/c/libcurl-errors.html first for more details.
$6015.TWO: possibly delisted; no timezone found
Failed to get ticker '4535.TWO' reason: Failed to perform, curl: (77) error setting certificate verify locations:  CAfile: /Users/chenyinyi/miniconda3/ssl/cert.pem CApath: none. See https://curl.se/libcurl/c/libcurl-errors.html first for more details.
$4535.TWO: possibly delisted; no timezone found
Failed to get ticker '3323.TWO' reason: Failed to perform, curl: (6) getaddrinfo() thread failed to start. See https://curl.se/libcurl/c/libcurl-errors.html first for more details.
$3323.TWO: possibly delisted; no timezone found
$4138.TWO: possibly delisted; no price data found  (1d 2026-06-09 -> 2026-07-25)
$3587.TWO: possibly delisted; no price data found  (1d 2026-06-09 -> 2026-07-25)
$4416.TWO: possibly delisted; no price data found  (1d 2026-06-09 -> 2026-07-25)
$5353.TWO: possibly delisted; no price data found  (1d 2026-06-09 -> 2026-07-25)
$5392.TWO: possibly delisted; no price data found  (1d 2026-06-09 -> 2026-07-25)
$4768.TWO: possibly delisted; no price data found  (1d 2026-06-09 -> 2026-07-25)
Failed to get ticker '5489.TWO' reason: Failed to perform, curl: (6) getaddrinfo() thread failed to start. See https://curl.se/libcurl/c/libcurl-errors.html first for more details.
$5489.TWO: possibly delisted; no timezone found
Failed to get ticker '6823.TWO' reason: Failed to perform, curl: (6) getaddrinfo() thread failed to start. See https://curl.se/libcurl/c/libcurl-errors.html first for more details.
$6823.TWO: possibly delisted; no timezone found
Failed to get ticker '5452.TWO' reason: Failed to perform, curl: (6) getaddrinfo() thread failed to start. See https://curl.se/libcurl/c/libcurl-errors.html first for more details.
$5452.TWO: possibly delisted; no timezone found
Failed to get ticker '5523.TWO' reason: Failed to perform, curl: (6) getaddrinfo() thread failed to start. See https://curl.se/libcurl/c/libcurl-errors.html first for more details.
$5523.TWO: possibly delisted; no timezone found

197 Failed downloads:
['6716.TWO', '3555.TWO', '6245.TWO', '3693.TWO', '4171.TWO', '6021.TWO', '3272.TWO', '3430.TWO', '3455.TWO', '6148.TWO', '6482.TWO', '3489.TWO', '3646.TWO', '3511.TWO', '5481.TWO', '5278.TWO', '3363.TWO', '6804.TWO', '3147.TWO', '6967.TWO', '4743.TWO', '7723.TWO', '4113.TWO', '3687.TWO', '5011.TWO', '6642.TWO', '5457.TWO', '4760.TWO', '5386.TWO', '3211.TWO', '6684.TWO', '6654.TWO', '5488.TWO', '6637.TWO', '6265.TWO', '6568.TWO', '5291.TWO', '6894.TWO', '7547.TWO', '6593.TWO', '6101.TWO', '6530.TWO', '6870.TWO', '3141.TWO', '6725.TWO', '3207.TWO', '6199.TWO', '4138.TWO', '3587.TWO', '4416.TWO', '5353.TWO', '5392.TWO', '4768.TWO']: possibly delisted; no price data found  (1d 2026-06-09 -> 2026-07-25)
['4513.TWO', '3317.TWO', '3131.TWO', '4563.TWO', '3498.TWO', '6925.TWO', '3260.TWO', '5289.TWO', '6874.TWO', '3558.TWO', '6913.TWO', '6877.TWO', '3441.TWO', '6147.TWO', '3284.TWO', '4707.TWO', '6425.TWO', '6821.TWO', '5287.TWO', '4580.TWO', '3128.TWO', '6651.TWO', '6953.TWO', '3540.TWO', '4966.TWO', '6179.TWO', '3230.TWO', '7402.TWO', '6015.TWO', '4535.TWO', '3323.TWO', '5489.TWO', '6823.TWO', '5452.TWO', '5523.TWO']: possibly delisted; no timezone found
['3564.TWO', '6187.TWO', '5321.TWO', '3276.TWO', '4903.TWO', '4542.TWO', '3623.TWO', '6561.TWO', '3529.TWO', '3631.TWO', '6578.TWO', '3516.TWO', '6498.TWO', '3666.TWO', '4728.TWO', '4561.TWO', '4923.TWO', '4951.TWO', '6158.TWO', '6620.TWO', '3354.TWO', '3360.TWO', '6275.TWO', '6190.TWO', '6996.TWO', '3390.TWO', '4157.TWO', '6527.TWO', '6469.TWO', '6219.TWO', '4735.TWO', '5272.TWO', '6194.TWO', '5490.TWO', '3176.TWO', '3205.TWO', '5274.TWO', '7744.TWO', '3224.TWO', '4153.TWO', '5213.TWO', '6640.TWO', '3169.TWO', '3285.TWO', '6547.TWO', '6538.TWO', '5450.TWO', '4907.TWO', '5263.TWO', '3219.TWO', '4905.TWO', '4973.TWO', '6548.TWO', '6603.TWO', '6895.TWO', '3379.TWO', '4541.TWO', '5210.TWO', '6791.TWO', '3402.TWO', '4543.TWO', '3567.TWO', '7777.TWO', '3221.TWO', '3527.TWO', '3689.TWO', '6150.TWO', '6291.TWO', '4747.TWO', '6229.TWO', '5904.TWO', '3551.TWO', '4908.TWO', '6546.TWO', '6270.TWO', '3188.TWO', '5487.TWO', '3303.TWO', '3217.TWO', '7734.TWO', '3163.TWO', '3541.TWO', '3114.TWO', '6259.TWO', '6577.TWO', '4716.TWO', '3264.TWO', '4147.TWO', '6465.TWO', '5312.TWO', '3479.TWO', '6279.TWO', '6208.TWO', '5902.TWO', '4538.TWO', '6741.TWO', '6509.TWO', '4417.TWO', '3609.TWO', '6432.TWO', '6720.TWO', '6922.TWO', '4120.TWO', '5398.TWO', '4127.TWO', '4528.TWO', '4558.TWO', '4702.TWO', '6023.TWO']: OperationalError('unable to open database file')
Failed to get ticker '8076.TWO' reason: Failed to perform, curl: (6) getaddrinfo() thread failed to start. See https://curl.se/libcurl/c/libcurl-errors.html first for more details.
$8076.TWO: possibly delisted; no timezone found
Failed to get ticker '8383.TWO' reason: Failed to perform, curl: (6) getaddrinfo() thread failed to start. See https://curl.se/libcurl/c/libcurl-errors.html first for more details.
$8383.TWO: possibly delisted; no timezone found
$8942.TWO: possibly delisted; no price data found  (1d 2026-06-09 -> 2026-07-25)
Failed to get ticker '8299.TWO' reason: Failed to perform, curl: (6) Could not resolve host: query2.finance.yahoo.com. See https://curl.se/libcurl/c/libcurl-errors.html first for more details.
Failed to get ticker '8074.TWO' reason: Failed to perform, curl: (6) getaddrinfo() thread failed to start. See https://curl.se/libcurl/c/libcurl-errors.html first for more details.
$8299.TWO: possibly delisted; no timezone found
$8074.TWO: possibly delisted; no timezone found
Failed to get ticker '8171.TWO' reason: Failed to perform, curl: (6) getaddrinfo() thread failed to start. See https://curl.se/libcurl/c/libcurl-errors.html first for more details.
$8171.TWO: possibly delisted; no timezone found
$8931.TWO: possibly delisted; no price data found  (1d 2026-06-09 -> 2026-07-25)
$8086.TWO: possibly delisted; no price data found  (1d 2026-06-09 -> 2026-07-25)
Failed to get ticker '8049.TWO' reason: Failed to perform, curl: (6) getaddrinfo() thread failed to start. See https://curl.se/libcurl/c/libcurl-errors.html first for more details.
$8049.TWO: possibly delisted; no timezone found
$8289.TWO: possibly delisted; no price data found  (1d 2026-06-09 -> 2026-07-25)
$8088.TWO: possibly delisted; no price data found  (1d 2026-06-09 -> 2026-07-25)
Failed to get ticker '8102.TWO' reason: Failed to perform, curl: (6) getaddrinfo() thread failed to start. See https://curl.se/libcurl/c/libcurl-errors.html first for more details.
$8102.TWO: possibly delisted; no timezone found
$8107.TWO: possibly delisted; no price data found  (1d 2026-06-09 -> 2026-07-25)
$8111.TWO: possibly delisted; no price data found  (1d 2026-06-09 -> 2026-07-25)
$9949.TWO: possibly delisted; no price data found  (1d 2026-06-09 -> 2026-07-25)

31 Failed downloads:
['8097.TWO', '8099.TWO', '7810.TWO', '8401.TWO', '8048.TWO', '8050.TWO', '8437.TWO', '8415.TWO', '8440.TWO', '8932.TWO', '8069.TWO', '8431.TWO', '8182.TWO', '8924.TWO', '8354.TWO', '8155.TWO']: OperationalError('unable to open database file')
['8076.TWO', '8383.TWO', '8299.TWO', '8074.TWO', '8171.TWO', '8049.TWO', '8102.TWO']: possibly delisted; no timezone found
['8942.TWO', '8931.TWO', '8086.TWO', '8289.TWO', '8088.TWO', '8107.TWO', '8111.TWO', '9949.TWO']: possibly delisted; no price data found  (1d 2026-06-09 -> 2026-07-25)
$1708.TW: possibly delisted; no price data found  (1d 2026-05-24 -> 2026-07-09)
Failed to get ticker '1808.TW' reason: Failed to perform, curl: (6) getaddrinfo() thread failed to start. See https://curl.se/libcurl/c/libcurl-errors.html first for more details.
$1808.TW: possibly delisted; no timezone found
$2328.TW: possibly delisted; no price data found  (1d 2026-05-24 -> 2026-07-09)
$2505.TW: possibly delisted; no price data found  (1d 2026-05-24 -> 2026-07-09)
$1541.TW: possibly delisted; no price data found  (1d 2026-05-24 -> 2026-07-09)
$2471.TW: possibly delisted; no price data found  (1d 2026-05-24 -> 2026-07-09)
$1231.TW: possibly delisted; no price data found  (1d 2026-05-24 -> 2026-07-09)
$1563.TW: possibly delisted; no price data found  (1d 2026-05-24 -> 2026-07-09)
$1432.TW: possibly delisted; no price data found  (1d 2026-05-24 -> 2026-07-09)
Failed to get ticker '2409.TW' reason: Failed to perform, curl: (6) Could not resolve host: query2.finance.yahoo.com. See https://curl.se/libcurl/c/libcurl-errors.html first for more details.
$2409.TW: possibly delisted; no timezone found
$2465.TW: possibly delisted; no price data found  (1d 2026-05-24 -> 2026-07-09)
$2236.TW: possibly delisted; no price data found  (1d 2026-05-24 -> 2026-07-09)
Failed to get ticker '1603.TW' reason: Failed to perform, curl: (6) getaddrinfo() thread failed to start. See https://curl.se/libcurl/c/libcurl-errors.html first for more details.
$1603.TW: possibly delisted; no timezone found
$1590.TW: possibly delisted; no price data found  (1d 2026-05-24 -> 2026-07-09)
Failed to get ticker '2316.TW' reason: Failed to perform, curl: (6) Could not resolve host: query2.finance.yahoo.com. See https://curl.se/libcurl/c/libcurl-errors.html first for more details.
$2316.TW: possibly delisted; no timezone found
Failed to get ticker '2344.TW' reason: Failed to perform, curl: (6) Could not resolve host: query2.finance.yahoo.com. See https://curl.se/libcurl/c/libcurl-errors.html first for more details.
$2393.TW: possibly delisted; no price data found  (1d 2026-05-24 -> 2026-07-09)
$2344.TW: possibly delisted; no timezone found
$2515.TW: possibly delisted; no price data found  (1d 2026-05-24 -> 2026-07-09)
$1776.TW: possibly delisted; no price data found  (1d 2026-05-24 -> 2026-07-09)
$1417.TW: possibly delisted; no price data found  (1d 2026-05-24 -> 2026-07-09)
$2104.TW: possibly delisted; no price data found  (1d 2026-05-24 -> 2026-07-09)
Failed to get ticker '2317.TW' reason: Failed to perform, curl: (6) getaddrinfo() thread failed to start. See https://curl.se/libcurl/c/libcurl-errors.html first for more details.
Failed to get ticker '1452.TW' reason: Failed to perform, curl: (6) getaddrinfo() thread failed to start. See https://curl.se/libcurl/c/libcurl-errors.html first for more details.
$2317.TW: possibly delisted; no timezone found
$1452.TW: possibly delisted; no timezone found
Failed to get ticker '2103.TW' reason: Failed to perform, curl: (6) getaddrinfo() thread failed to start. See https://curl.se/libcurl/c/libcurl-errors.html first for more details.
$2103.TW: possibly delisted; no timezone found
$1612.TW: possibly delisted; no price data found  (1d 2026-05-24 -> 2026-07-09)
$1316.TW: possibly delisted; no price data found  (1d 2026-05-24 -> 2026-07-09)
$1104.TW: possibly delisted; no price data found  (1d 2026-05-24 -> 2026-07-09)
$2528.TW: possibly delisted; no price data found  (1d 2026-05-24 -> 2026-07-09)
$1616.TW: possibly delisted; no price data found  (1d 2026-05-24 -> 2026-07-09)
Failed to get ticker '2441.TW' reason: Failed to perform, curl: (6) Could not resolve host: query2.finance.yahoo.com. See https://curl.se/libcurl/c/libcurl-errors.html first for more details.
$2441.TW: possibly delisted; no timezone found
$1217.TW: possibly delisted; no price data found  (1d 2026-05-24 -> 2026-07-09)
$1617.TW: possibly delisted; no price data found  (1d 2026-05-24 -> 2026-07-09)
$1609.TW: possibly delisted; no price data found  (1d 2026-05-24 -> 2026-07-09)
Failed to get ticker '2015.TW' reason: Failed to perform, curl: (6) getaddrinfo() thread failed to start. See https://curl.se/libcurl/c/libcurl-errors.html first for more details.
$2015.TW: possibly delisted; no timezone found
Failed to get ticker '1414.TW' reason: Failed to perform, curl: (6) getaddrinfo() thread failed to start. See https://curl.se/libcurl/c/libcurl-errors.html first for more details.
$1414.TW: possibly delisted; no timezone found
Failed to get ticker '2548.TW' reason: Failed to perform, curl: (6) getaddrinfo() thread failed to start. See https://curl.se/libcurl/c/libcurl-errors.html first for more details.
$2548.TW: possibly delisted; no timezone found
$2402.TW: possibly delisted; no price data found  (1d 2026-05-24 -> 2026-07-09)
$2390.TW: possibly delisted; no price data found  (1d 2026-05-24 -> 2026-07-09)
$1626.TW: possibly delisted; no price data found  (1d 2026-05-24 -> 2026-07-09)
$1795.TW: possibly delisted; no price data found  (1d 2026-05-24 -> 2026-07-09)
$2530.TW: possibly delisted; no price data found  (1d 2026-05-24 -> 2026-07-09)
$1463.TW: possibly delisted; no price data found  (1d 2026-05-24 -> 2026-07-09)
$1539.TW: possibly delisted; no price data found  (1d 2026-05-24 -> 2026-07-09)
$1760.TW: possibly delisted; no price data found  (1d 2026-05-24 -> 2026-07-09)
$2323.TW: possibly delisted; no price data found  (1d 2026-05-24 -> 2026-07-09)
$2476.TW: possibly delisted; no price data found  (1d 2026-05-24 -> 2026-07-09)
$2538.TW: possibly delisted; no price data found  (1d 2026-05-24 -> 2026-07-09)
Failed to get ticker '1303.TW' reason: Failed to perform, curl: (77) error setting certificate verify locations:  CAfile: /Users/chenyinyi/miniconda3/ssl/cert.pem CApath: none. See https://curl.se/libcurl/c/libcurl-errors.html first for more details.
$1303.TW: possibly delisted; no timezone found
Failed to get ticker '1707.TW' reason: Failed to perform, curl: (6) getaddrinfo() thread failed to start. See https://curl.se/libcurl/c/libcurl-errors.html first for more details.
$1707.TW: possibly delisted; no timezone found
$1321.TW: possibly delisted; no price data found  (1d 2026-05-24 -> 2026-07-09)
Failed to get ticker '2337.TW' reason: Failed to perform, curl: (6) getaddrinfo() thread failed to start. See https://curl.se/libcurl/c/libcurl-errors.html first for more details.
$2337.TW: possibly delisted; no timezone found
Failed to get ticker '1504.TW' reason: Failed to perform, curl: (6) getaddrinfo() thread failed to start. See https://curl.se/libcurl/c/libcurl-errors.html first for more details.
$1504.TW: possibly delisted; no timezone found
Failed to get ticker '1615.TW' reason: Failed to perform, curl: (77) error setting certificate verify locations:  CAfile: /Users/chenyinyi/miniconda3/ssl/cert.pem CApath: none. See https://curl.se/libcurl/c/libcurl-errors.html first for more details.
$1615.TW: possibly delisted; no timezone found
Failed to get ticker '1233.TW' reason: Failed to perform, curl: (6) getaddrinfo() thread failed to start. See https://curl.se/libcurl/c/libcurl-errors.html first for more details.
$1233.TW: possibly delisted; no timezone found
Failed to get ticker '2231.TW' reason: Failed to perform, curl: (6) getaddrinfo() thread failed to start. See https://curl.se/libcurl/c/libcurl-errors.html first for more details.
$2231.TW: possibly delisted; no timezone found
$2426.TW: possibly delisted; no price data found  (1d 2026-05-24 -> 2026-07-09)
$2535.TW: possibly delisted; no price data found  (1d 2026-05-24 -> 2026-07-09)
$1723.TW: possibly delisted; no price data found  (1d 2026-05-24 -> 2026-07-09)
$1338.TW: possibly delisted; no price data found  (1d 2026-05-24 -> 2026-07-09)
Failed to get ticker '1477.TW' reason: Failed to perform, curl: (6) getaddrinfo() thread failed to start. See https://curl.se/libcurl/c/libcurl-errors.html first for more details.
$1477.TW: possibly delisted; no timezone found
$1229.TW: possibly delisted; no price data found  (1d 2026-05-24 -> 2026-07-09)
$1314.TW: possibly delisted; no price data found  (1d 2026-05-24 -> 2026-07-09)
$2109.TW: possibly delisted; no price data found  (1d 2026-05-24 -> 2026-07-09)
$2034.TW: possibly delisted; no price data found  (1d 2026-05-24 -> 2026-07-09)
Failed to get ticker '1515.TW' reason: Failed to perform, curl: (6) getaddrinfo() thread failed to start. See https://curl.se/libcurl/c/libcurl-errors.html first for more details.
$1515.TW: possibly delisted; no timezone found
$1810.TW: possibly delisted; no price data found  (1d 2026-05-24 -> 2026-07-09)
Failed to get ticker '1530.TW' reason: Failed to perform, curl: (6) getaddrinfo() thread failed to start. See https://curl.se/libcurl/c/libcurl-errors.html first for more details.
$1530.TW: possibly delisted; no timezone found
Failed to get ticker '2534.TW' reason: Failed to perform, curl: (6) getaddrinfo() thread failed to start. See https://curl.se/libcurl/c/libcurl-errors.html first for more details.
$2534.TW: possibly delisted; no timezone found
$2030.TW: possibly delisted; no price data found  (1d 2026-05-24 -> 2026-07-09)
Failed to get ticker '1103.TW' reason: Failed to perform, curl: (6) getaddrinfo() thread failed to start. See https://curl.se/libcurl/c/libcurl-errors.html first for more details.
$1103.TW: possibly delisted; no timezone found
$1809.TW: possibly delisted; no price data found  (1d 2026-05-24 -> 2026-07-09)
$1308.TW: possibly delisted; no price data found  (1d 2026-05-24 -> 2026-07-09)
Failed to get ticker '2537.TW' reason: Failed to perform, curl: (6) getaddrinfo() thread failed to start. See https://curl.se/libcurl/c/libcurl-errors.html first for more details.
$2537.TW: possibly delisted; no timezone found
$1905.TW: possibly delisted; no price data found  (1d 2026-05-24 -> 2026-07-09)
$2360.TW: possibly delisted; no price data found  (1d 2026-05-24 -> 2026-07-09)

199 Failed downloads:
['1708.TW', '2328.TW', '2505.TW', '1541.TW', '2471.TW', '1231.TW', '1563.TW', '1432.TW', '2465.TW', '2236.TW', '1590.TW', '2393.TW', '2515.TW', '1417.TW', '1776.TW', '2104.TW', '1612.TW', '1316.TW', '1104.TW', '2528.TW', '1616.TW', '1217.TW', '1617.TW', '1609.TW', '2402.TW', '2390.TW', '1626.TW', '1795.TW', '2530.TW', '1463.TW', '1539.TW', '1760.TW', '2323.TW', '2476.TW', '2538.TW', '1321.TW', '2426.TW', '2535.TW', '1723.TW', '1338.TW', '1229.TW', '1314.TW', '2109.TW', '2034.TW', '1810.TW', '2030.TW', '1809.TW', '1308.TW', '1905.TW', '2360.TW']: possibly delisted; no price data found  (1d 2026-05-24 -> 2026-07-09)
['2520.TW', '1726.TW', '2492.TW', '2342.TW', '2379.TW', '2495.TW', '2388.TW', '2484.TW', '2006.TW', '1604.TW', '2406.TW', '1215.TW', '2421.TW', '1313.TW', '1717.TW', '1783.TW', '1409.TW', '1434.TW', '2454.TW', '2488.TW', '2353.TW', '2032.TW', '2248.TW', '1110.TW', '1419.TW', '1304.TW', '2427.TW', '1560.TW', '2461.TW', '2412.TW', '2420.TW', '2367.TW', '2241.TW', '1903.TW', '2363.TW', '2397.TW', '1713.TW', '1210.TW', '1467.TW', '2374.TW', '2329.TW', '2481.TW', '2354.TW', '2605.TW', '1736.TW', '2419.TW', '1608.TW', '2425.TW', '1587.TW', '2467.TW', '1456.TW', '2301.TW', '2305.TW', '2340.TW', '2115.TW', '2607.TW', '1101.TW', '1307.TW', '1326.TW', '2069.TW', '1301.TW', '1786.TW', '1773.TW', '1312.TW', '2498.TW', '1725.TW', '1451.TW', '2415.TW', '2031.TW', '2440.TW', '1455.TW', '2059.TW', '2399.TW', '1466.TW', '1734.TW', '2308.TW', '2483.TW', '2369.TW', '1605.TW', '2101.TW', '2359.TW', '2457.TW', '2453.TW', '2331.TW', '1108.TW', '2413.TW', '1730.TW', '1598.TW', '1805.TW', '1735.TW', '1732.TW', '2247.TW', '1714.TW', '1710.TW', '1517.TW', '1465.TW', '1583.TW', '1806.TW', '1611.TW', '2486.TW', '2511.TW', '1220.TW', '2239.TW', '1709.TW', '2439.TW', '1310.TW', '1337.TW', '2362.TW', '1536.TW', '2524.TW', '1618.TW', '2010.TW', '2106.TW', '2395.TW', '1535.TW', '2345.TW', '2458.TW', '2430.TW', '2501.TW', '1524.TW', '2449.TW', '2459.TW', '2474.TW', '1727.TW']: OperationalError('unable to open database file')
['1808.TW', '2409.TW', '1603.TW', '2316.TW', '2344.TW', '2317.TW', '1452.TW', '2103.TW', '2441.TW', '2015.TW', '1414.TW', '2548.TW', '1303.TW', '1707.TW', '1504.TW', '2337.TW', '1615.TW', '1233.TW', '2231.TW', '1477.TW', '1515.TW', '1530.TW', '2534.TW', '1103.TW', '2537.TW']: possibly delisted; no timezone found
$3209.TW: possibly delisted; no price data found  (1d 2026-05-24 -> 2026-07-09)
Failed to get ticker '5880.TW' reason: Failed to perform, curl: (6) Could not resolve host: query2.finance.yahoo.com. See https://curl.se/libcurl/c/libcurl-errors.html first for more details.
$6230.TW: possibly delisted; no price data found  (1d 2026-05-24 -> 2026-07-09)
$5880.TW: possibly delisted; no timezone found
Failed to get ticker '6412.TW' reason: Failed to perform, curl: (6) getaddrinfo() thread failed to start. See https://curl.se/libcurl/c/libcurl-errors.html first for more details.
$6412.TW: possibly delisted; no timezone found
Failed to get ticker '5285.TW' reason: Failed to perform, curl: (6) getaddrinfo() thread failed to start. See https://curl.se/libcurl/c/libcurl-errors.html first for more details.
$5285.TW: possibly delisted; no timezone found
Failed to get ticker '6515.TW' reason: Failed to perform, curl: (6) getaddrinfo() thread failed to start. See https://curl.se/libcurl/c/libcurl-errors.html first for more details.
$6515.TW: possibly delisted; no timezone found
Failed to get ticker '6666.TW' reason: Failed to perform, curl: (6) Could not resolve host: query2.finance.yahoo.com. See https://curl.se/libcurl/c/libcurl-errors.html first for more details.
$6666.TW: possibly delisted; no timezone found
$4912.TW: possibly delisted; no price data found  (1d 2026-05-24 -> 2026-07-09)
$6504.TW: possibly delisted; no price data found  (1d 2026-05-24 -> 2026-07-09)
$6531.TW: possibly delisted; no price data found  (1d 2026-05-24 -> 2026-07-09)
Failed to get ticker '4771.TW' reason: Failed to perform, curl: (6) getaddrinfo() thread failed to start. See https://curl.se/libcurl/c/libcurl-errors.html first for more details.
$4771.TW: possibly delisted; no timezone found
Failed to get ticker '6281.TW' reason: Failed to perform, curl: (6) getaddrinfo() thread failed to start. See https://curl.se/libcurl/c/libcurl-errors.html first for more details.
$6281.TW: possibly delisted; no timezone found
Failed to get ticker '2634.TW' reason: Failed to perform, curl: (6) getaddrinfo() thread failed to start. See https://curl.se/libcurl/c/libcurl-errors.html first for more details.
$2634.TW: possibly delisted; no timezone found
$2903.TW: possibly delisted; no price data found  (1d 2026-05-24 -> 2026-07-09)
$2618.TW: possibly delisted; no price data found  (1d 2026-05-24 -> 2026-07-09)
$6209.TW: possibly delisted; no price data found  (1d 2026-05-24 -> 2026-07-09)
$3042.TW: possibly delisted; no price data found  (1d 2026-05-24 -> 2026-07-09)
$3346.TW: possibly delisted; no price data found  (1d 2026-05-24 -> 2026-07-09)
$6442.TW: possibly delisted; no price data found  (1d 2026-05-24 -> 2026-07-09)
$3044.TW: possibly delisted; no price data found  (1d 2026-05-24 -> 2026-07-09)
$6139.TW: possibly delisted; no price data found  (1d 2026-05-24 -> 2026-07-09)
Failed to get ticker '6533.TW' reason: Failed to perform, curl: (6) getaddrinfo() thread failed to start. See https://curl.se/libcurl/c/libcurl-errors.html first for more details.
$6533.TW: possibly delisted; no timezone found
$5288.TW: possibly delisted; no price data found  (1d 2026-05-24 -> 2026-07-09)
$6472.TW: possibly delisted; no price data found  (1d 2026-05-24 -> 2026-07-09)
$3059.TW: possibly delisted; no price data found  (1d 2026-05-24 -> 2026-07-09)
Failed to get ticker '5471.TW' reason: Failed to perform, curl: (6) getaddrinfo() thread failed to start. See https://curl.se/libcurl/c/libcurl-errors.html first for more details.
$5471.TW: possibly delisted; no timezone found
Failed to get ticker '4564.TW' reason: Failed to perform, curl: (6) getaddrinfo() thread failed to start. See https://curl.se/libcurl/c/libcurl-errors.html first for more details.
$4564.TW: possibly delisted; no timezone found
Failed to get ticker '6166.TW' reason: Failed to perform, curl: (6) getaddrinfo() thread failed to start. See https://curl.se/libcurl/c/libcurl-errors.html first for more details.
$6166.TW: possibly delisted; no timezone found
Failed to get ticker '6669.TW' reason: Failed to perform, curl: (6) Could not resolve host: query2.finance.yahoo.com. See https://curl.se/libcurl/c/libcurl-errors.html first for more details.
$6669.TW: possibly delisted; no timezone found
Failed to get ticker '6176.TW' reason: Failed to perform, curl: (6) getaddrinfo() thread failed to start. See https://curl.se/libcurl/c/libcurl-errors.html first for more details.
$6176.TW: possibly delisted; no timezone found
$4414.TW: possibly delisted; no price data found  (1d 2026-05-24 -> 2026-07-09)
Failed to get ticker '6582.TW' reason: Failed to perform, curl: (6) getaddrinfo() thread failed to start. See https://curl.se/libcurl/c/libcurl-errors.html first for more details.
$6582.TW: possibly delisted; no timezone found
$2882.TW: possibly delisted; no price data found  (1d 2026-05-24 -> 2026-07-09)
$3532.TW: possibly delisted; no price data found  (1d 2026-05-24 -> 2026-07-09)
Failed to get ticker '4720.TW' reason: Failed to perform, curl: (6) getaddrinfo() thread failed to start. See https://curl.se/libcurl/c/libcurl-errors.html first for more details.
$4720.TW: possibly delisted; no timezone found
$4915.TW: possibly delisted; no price data found  (1d 2026-05-24 -> 2026-07-09)
$3528.TW: possibly delisted; no price data found  (1d 2026-05-24 -> 2026-07-09)
Failed to get ticker '6505.TW' reason: Failed to perform, curl: (6) getaddrinfo() thread failed to start. See https://curl.se/libcurl/c/libcurl-errors.html first for more details.
$6505.TW: possibly delisted; no timezone found
$3037.TW: possibly delisted; no price data found  (1d 2026-05-24 -> 2026-07-09)
Failed to get ticker '3376.TW' reason: Failed to perform, curl: (6) getaddrinfo() thread failed to start. See https://curl.se/libcurl/c/libcurl-errors.html first for more details.
$3376.TW: possibly delisted; no timezone found
$3056.TW: possibly delisted; no price data found  (1d 2026-05-24 -> 2026-07-09)
Failed to get ticker '6226.TW' reason: Failed to perform, curl: (6) getaddrinfo() thread failed to start. See https://curl.se/libcurl/c/libcurl-errors.html first for more details.
$6226.TW: possibly delisted; no timezone found
$3005.TW: possibly delisted; no price data found  (1d 2026-05-24 -> 2026-07-09)
Failed to get ticker '4989.TW' reason: Failed to perform, curl: (6) getaddrinfo() thread failed to start. See https://curl.se/libcurl/c/libcurl-errors.html first for more details.
$4989.TW: possibly delisted; no timezone found
$3135.TW: possibly delisted; no price data found  (1d 2026-05-24 -> 2026-07-09)
$6451.TW: possibly delisted; no price data found  (1d 2026-05-24 -> 2026-07-09)
Failed to get ticker '4137.TW' reason: Failed to perform, curl: (6) getaddrinfo() thread failed to start. See https://curl.se/libcurl/c/libcurl-errors.html first for more details.
$4137.TW: possibly delisted; no timezone found
$2707.TW: possibly delisted; no price data found  (1d 2026-05-24 -> 2026-07-09)
$5234.TW: possibly delisted; no price data found  (1d 2026-05-24 -> 2026-07-09)
$6585.TW: possibly delisted; no price data found  (1d 2026-05-24 -> 2026-07-09)
Failed to get ticker '6216.TW' reason: Failed to perform, curl: (6) Could not resolve host: query2.finance.yahoo.com. See https://curl.se/libcurl/c/libcurl-errors.html first for more details.
$6216.TW: possibly delisted; no timezone found
$4526.TW: possibly delisted; no price data found  (1d 2026-05-24 -> 2026-07-09)
Failed to get ticker '2616.TW' reason: Failed to perform, curl: (6) getaddrinfo() thread failed to start. See https://curl.se/libcurl/c/libcurl-errors.html first for more details.
$2616.TW: possibly delisted; no timezone found
$2834.TW: possibly delisted; no price data found  (1d 2026-05-24 -> 2026-07-09)
Failed to get ticker '2836.TW' reason: Failed to perform, curl: (6) getaddrinfo() thread failed to start. See https://curl.se/libcurl/c/libcurl-errors.html first for more details.
$2836.TW: possibly delisted; no timezone found
Failed to get ticker '6282.TW' reason: Failed to perform, curl: (6) getaddrinfo() thread failed to start. See https://curl.se/libcurl/c/libcurl-errors.html first for more details.
$6282.TW: possibly delisted; no timezone found
$2608.TW: possibly delisted; no price data found  (1d 2026-05-24 -> 2026-07-09)
Failed to get ticker '2614.TW' reason: Failed to perform, curl: (6) getaddrinfo() thread failed to start. See https://curl.se/libcurl/c/libcurl-errors.html first for more details.
$2614.TW: possibly delisted; no timezone found
Failed to get ticker '2645.TW' reason: Failed to perform, curl: (6) getaddrinfo() thread failed to start. See https://curl.se/libcurl/c/libcurl-errors.html first for more details.
$2645.TW: possibly delisted; no timezone found
Failed to get ticker '2884.TW' reason: Failed to perform, curl: (77) error setting certificate verify locations:  CAfile: /Users/chenyinyi/miniconda3/ssl/cert.pem CApath: none. See https://curl.se/libcurl/c/libcurl-errors.html first for more details.
$2884.TW: possibly delisted; no timezone found

200 Failed downloads:
['3209.TW', '6230.TW', '4912.TW', '6504.TW', '6531.TW', '2903.TW', '2618.TW', '6209.TW', '3042.TW', '3346.TW', '6442.TW', '3044.TW', '6139.TW', '5288.TW', '6472.TW', '3059.TW', '4414.TW', '2882.TW', '3532.TW', '4915.TW', '3528.TW', '3037.TW', '3056.TW', '3005.TW', '3135.TW', '6451.TW', '2707.TW', '5234.TW', '6585.TW', '4526.TW', '2834.TW', '2608.TW']: possibly delisted; no price data found  (1d 2026-05-24 -> 2026-07-09)
['5880.TW', '6412.TW', '5285.TW', '6515.TW', '6666.TW', '4771.TW', '6281.TW', '2634.TW', '6533.TW', '5471.TW', '4564.TW', '6166.TW', '6669.TW', '6176.TW', '6582.TW', '4720.TW', '6505.TW', '3376.TW', '6226.TW', '4989.TW', '4137.TW', '6216.TW', '2616.TW', '2836.TW', '6282.TW', '2614.TW', '2645.TW', '2884.TW']: possibly delisted; no timezone found
['4952.TW', '2845.TW', '3715.TW', '3021.TW', '5607.TW', '2889.TW', '6191.TW', '4763.TW', '4739.TW', '4904.TW', '4133.TW', '3024.TW', '3437.TW', '3545.TW', '3406.TW', '3092.TW', '2838.TW', '3563.TW', '2911.TW', '6456.TW', '3296.TW', '6153.TW', '2812.TW', '4562.TW', '3501.TW', '2646.TW', '6449.TW', '2897.TW', '2705.TW', '6558.TW', '6257.TW', '2613.TW', '5519.TW', '2633.TW', '3017.TW', '2722.TW', '4426.TW', '2630.TW', '3047.TW', '3669.TW', '6277.TW', '2739.TW', '2636.TW', '6541.TW', '3717.TW', '6197.TW', '6213.TW', '6128.TW', '3023.TW', '2890.TW', '6414.TW', '3231.TW', '6005.TW', '2832.TW', '3008.TW', '6491.TW', '3653.TW', '3607.TW', '4155.TW', '6164.TW', '3308.TW', '3711.TW', '4306.TW', '4764.TW', '5292.TW', '6525.TW', '6192.TW', '4441.TW', '3062.TW', '5215.TW', '3025.TW', '4532.TW', '2892.TW', '4942.TW', '4566.TW', '2849.TW', '3661.TW', '5521.TW', '6591.TW', '4583.TW', '3617.TW', '4977.TW', '3045.TW', '6235.TW', '4968.TW', '4994.TW', '6416.TW', '6206.TW', '3694.TW', '4766.TW', '6614.TW', '6189.TW', '2908.TW', '3708.TW', '4190.TW', '3665.TW', '3015.TW', '2891.TW', '6108.TW', '6405.TW', '5515.TW', '2880.TW', '5203.TW', '5225.TW', '4807.TW', '3028.TW', '3167.TW', '3305.TW', '3041.TW', '6426.TW', '6589.TW', '4958.TW', '2913.TW', '3060.TW', '3038.TW', '4552.TW', '3550.TW', '6592.TW', '3094.TW', '2852.TW', '4104.TW', '4164.TW', '5546.TW', '3022.TW', '3702.TW', '3416.TW', '6668.TW', '3596.TW', '3605.TW', '6239.TW', '6446.TW', '5306.TW', '3027.TW', '6115.TW', '6224.TW', '3004.TW', '3557.TW', '5244.TW', '2883.TW', '3029.TW']: OperationalError('unable to open database file')
Failed to get ticker '6790.TW' reason: Failed to perform, curl: (6) Could not resolve host: query2.finance.yahoo.com. See https://curl.se/libcurl/c/libcurl-errors.html first for more details.
$6790.TW: possibly delisted; no timezone found
Failed to get ticker '1570.TWO' reason: Failed to perform, curl: (6) getaddrinfo() thread failed to start. See https://curl.se/libcurl/c/libcurl-errors.html first for more details.
$1570.TWO: possibly delisted; no timezone found
Failed to get ticker '3317.TWO' reason: Failed to perform, curl: (6) getaddrinfo() thread failed to start. See https://curl.se/libcurl/c/libcurl-errors.html first for more details.
$3317.TWO: possibly delisted; no timezone found
$4166.TWO: possibly delisted; no price data found  (1d 2026-05-24 -> 2026-07-09)
Failed to get ticker '3131.TWO' reason: Failed to perform, curl: (6) getaddrinfo() thread failed to start. See https://curl.se/libcurl/c/libcurl-errors.html first for more details.
Failed to get ticker '3564.TWO' reason: Failed to perform, curl: (6) getaddrinfo() thread failed to start. See https://curl.se/libcurl/c/libcurl-errors.html first for more details.
$3131.TWO: possibly delisted; no timezone found
$3564.TWO: possibly delisted; no timezone found
Failed to get ticker '3178.TWO' reason: Failed to perform, curl: (6) Could not resolve host: query2.finance.yahoo.com. See https://curl.se/libcurl/c/libcurl-errors.html first for more details.
$3178.TWO: possibly delisted; no timezone found
Failed to get ticker '3631.TWO' reason: Failed to perform, curl: (6) getaddrinfo() thread failed to start. See https://curl.se/libcurl/c/libcurl-errors.html first for more details.
$4903.TWO: possibly delisted; no price data found  (1d 2026-05-24 -> 2026-07-09)
$3631.TWO: possibly delisted; no timezone found
$8215.TW: possibly delisted; no price data found  (1d 2026-05-24 -> 2026-07-09)
Failed to get ticker '3360.TWO' reason: Failed to perform, curl: (6) getaddrinfo() thread failed to start. See https://curl.se/libcurl/c/libcurl-errors.html first for more details.
$3360.TWO: possibly delisted; no timezone found
$3489.TWO: possibly delisted; no price data found  (1d 2026-05-24 -> 2026-07-09)
Failed to get ticker '4130.TWO' reason: Failed to perform, curl: (6) Could not resolve host: query2.finance.yahoo.com. See https://curl.se/libcurl/c/libcurl-errors.html first for more details.
$4130.TWO: possibly delisted; no timezone found
Failed to get ticker '4931.TWO' reason: Failed to perform, curl: (6) getaddrinfo() thread failed to start. See https://curl.se/libcurl/c/libcurl-errors.html first for more details.
$4931.TWO: possibly delisted; no timezone found
Failed to get ticker '3284.TWO' reason: Failed to perform, curl: (6) getaddrinfo() thread failed to start. See https://curl.se/libcurl/c/libcurl-errors.html first for more details.
$3284.TWO: possibly delisted; no timezone found
$4174.TWO: possibly delisted; no price data found  (1d 2026-05-24 -> 2026-07-09)
Failed to get ticker '6885.TW' reason: Failed to perform, curl: (6) getaddrinfo() thread failed to start. See https://curl.se/libcurl/c/libcurl-errors.html first for more details.
$6885.TW: possibly delisted; no timezone found
$1586.TWO: possibly delisted; no price data found  (1d 2026-05-24 -> 2026-07-09)
$4979.TWO: possibly delisted; no price data found  (1d 2026-05-24 -> 2026-07-09)
$3511.TWO: possibly delisted; no price data found  (1d 2026-05-24 -> 2026-07-09)
Failed to get ticker '2736.TWO' reason: Failed to perform, curl: (6) getaddrinfo() thread failed to start. See https://curl.se/libcurl/c/libcurl-errors.html first for more details.
$2736.TWO: possibly delisted; no timezone found
Failed to get ticker '6689.TW' reason: Failed to perform, curl: (6) getaddrinfo() thread failed to start. See https://curl.se/libcurl/c/libcurl-errors.html first for more details.
$6689.TW: possibly delisted; no timezone found
Failed to get ticker '3490.TWO' reason: Failed to perform, curl: (6) getaddrinfo() thread failed to start. See https://curl.se/libcurl/c/libcurl-errors.html first for more details.
$3490.TWO: possibly delisted; no timezone found
Failed to get ticker '3492.TWO' reason: Failed to perform, curl: (6) getaddrinfo() thread failed to start. See https://curl.se/libcurl/c/libcurl-errors.html first for more details.
$3492.TWO: possibly delisted; no timezone found
$4113.TWO: possibly delisted; no price data found  (1d 2026-05-24 -> 2026-07-09)
Failed to get ticker '8103.TW' reason: Failed to perform, curl: (6) getaddrinfo() thread failed to start. See https://curl.se/libcurl/c/libcurl-errors.html first for more details.
$8103.TW: possibly delisted; no timezone found
Failed to get ticker '9945.TW' reason: Failed to perform, curl: (6) getaddrinfo() thread failed to start. See https://curl.se/libcurl/c/libcurl-errors.html first for more details.
$9945.TW: possibly delisted; no timezone found
Failed to get ticker '6789.TW' reason: Failed to perform, curl: (6) getaddrinfo() thread failed to start. See https://curl.se/libcurl/c/libcurl-errors.html first for more details.
$6789.TW: possibly delisted; no timezone found
Failed to get ticker '6873.TW' reason: Failed to perform, curl: (6) getaddrinfo() thread failed to start. See https://curl.se/libcurl/c/libcurl-errors.html first for more details.
$6873.TW: possibly delisted; no timezone found
$8476.TW: possibly delisted; no price data found  (1d 2026-05-24 -> 2026-07-09)
Failed to get ticker '4163.TWO' reason: Failed to perform, curl: (6) getaddrinfo() thread failed to start. See https://curl.se/libcurl/c/libcurl-errors.html first for more details.
$4163.TWO: possibly delisted; no timezone found
$3521.TWO: possibly delisted; no price data found  (1d 2026-05-24 -> 2026-07-09)
Failed to get ticker '3219.TWO' reason: Failed to perform, curl: (6) Could not resolve host: query2.finance.yahoo.com. See https://curl.se/libcurl/c/libcurl-errors.html first for more details.
$3219.TWO: possibly delisted; no timezone found
$8114.TW: possibly delisted; no price data found  (1d 2026-05-24 -> 2026-07-09)
Failed to get ticker '4905.TWO' reason: Failed to perform, curl: (6) getaddrinfo() thread failed to start. See https://curl.se/libcurl/c/libcurl-errors.html first for more details.
$4905.TWO: possibly delisted; no timezone found
Failed to get ticker '3465.TWO' reason: Failed to perform, curl: (6) getaddrinfo() thread failed to start. See https://curl.se/libcurl/c/libcurl-errors.html first for more details.
$3465.TWO: possibly delisted; no timezone found
Failed to get ticker '7722.TW' reason: Failed to perform, curl: (6) getaddrinfo() thread failed to start. See https://curl.se/libcurl/c/libcurl-errors.html first for more details.
$7722.TW: possibly delisted; no timezone found
Failed to get ticker '6901.TW' reason: Failed to perform, curl: (6) Could not resolve host: query2.finance.yahoo.com. See https://curl.se/libcurl/c/libcurl-errors.html first for more details.
$6901.TW: possibly delisted; no timezone found
Failed to get ticker '3128.TWO' reason: Failed to perform, curl: (6) Could not resolve host: query2.finance.yahoo.com. See https://curl.se/libcurl/c/libcurl-errors.html first for more details.
$3128.TWO: possibly delisted; no timezone found
Failed to get ticker '6807.TW' reason: Failed to perform, curl: (6) getaddrinfo() thread failed to start. See https://curl.se/libcurl/c/libcurl-errors.html first for more details.
$6807.TW: possibly delisted; no timezone found
$4401.TWO: possibly delisted; no price data found  (1d 2026-05-24 -> 2026-07-09)
Failed to get ticker '4109.TWO' reason: Failed to perform, curl: (6) getaddrinfo() thread failed to start. See https://curl.se/libcurl/c/libcurl-errors.html first for more details.
$4109.TWO: possibly delisted; no timezone found
Failed to get ticker '2230.TWO' reason: Failed to perform, curl: (6) getaddrinfo() thread failed to start. See https://curl.se/libcurl/c/libcurl-errors.html first for more details.
$2230.TWO: possibly delisted; no timezone found
$3551.TWO: possibly delisted; no price data found  (1d 2026-05-24 -> 2026-07-09)
Failed to get ticker '8341.TW' reason: Failed to perform, curl: (6) Could not resolve host: query2.finance.yahoo.com. See https://curl.se/libcurl/c/libcurl-errors.html first for more details.
$8341.TW: possibly delisted; no timezone found
$3615.TWO: possibly delisted; no price data found  (1d 2026-05-24 -> 2026-07-09)
$6902.TW: possibly delisted; no price data found  (1d 2026-05-24 -> 2026-07-09)
$4908.TWO: possibly delisted; no price data found  (1d 2026-05-24 -> 2026-07-09)
$3081.TWO: possibly delisted; no price data found  (1d 2026-05-24 -> 2026-07-09)
Failed to get ticker '1784.TWO' reason: Failed to perform, curl: (6) getaddrinfo() thread failed to start. See https://curl.se/libcurl/c/libcurl-errors.html first for more details.
$1784.TWO: possibly delisted; no timezone found
Failed to get ticker '6890.TW' reason: Failed to perform, curl: (6) getaddrinfo() thread failed to start. See https://curl.se/libcurl/c/libcurl-errors.html first for more details.
$6890.TW: possibly delisted; no timezone found
$8112.TW: possibly delisted; no price data found  (1d 2026-05-24 -> 2026-07-09)
$3217.TWO: possibly delisted; no price data found  (1d 2026-05-24 -> 2026-07-09)
Failed to get ticker '3548.TWO' reason: Failed to perform, curl: (6) getaddrinfo() thread failed to start. See https://curl.se/libcurl/c/libcurl-errors.html first for more details.
$3548.TWO: possibly delisted; no timezone found
$4116.TWO: possibly delisted; no price data found  (1d 2026-05-24 -> 2026-07-09)
$4716.TWO: possibly delisted; no price data found  (1d 2026-05-24 -> 2026-07-09)
Failed to get ticker '8462.TW' reason: Failed to perform, curl: (6) getaddrinfo() thread failed to start. See https://curl.se/libcurl/c/libcurl-errors.html first for more details.
$8462.TW: possibly delisted; no timezone found
Failed to get ticker '7721.TW' reason: Failed to perform, curl: (6) getaddrinfo() thread failed to start. See https://curl.se/libcurl/c/libcurl-errors.html first for more details.
$7721.TW: possibly delisted; no timezone found
$9928.TW: possibly delisted; no price data found  (1d 2026-05-24 -> 2026-07-09)
$3609.TWO: possibly delisted; no price data found  (1d 2026-05-24 -> 2026-07-09)
Failed to get ticker '6776.TW' reason: Failed to perform, curl: (6) getaddrinfo() thread failed to start. See https://curl.se/libcurl/c/libcurl-errors.html first for more details.
$6776.TW: possibly delisted; no timezone found
Failed to get ticker '4417.TWO' reason: Failed to perform, curl: (6) getaddrinfo() thread failed to start. See https://curl.se/libcurl/c/libcurl-errors.html first for more details.
$4417.TWO: possibly delisted; no timezone found
Failed to get ticker '8046.TW' reason: Failed to perform, curl: (77) error setting certificate verify locations:  CAfile: /Users/chenyinyi/miniconda3/ssl/cert.pem CApath: none. See https://curl.se/libcurl/c/libcurl-errors.html first for more details.
$8046.TW: possibly delisted; no timezone found

200 Failed downloads:
['7730.TW', '3310.TWO', '4503.TWO', '3693.TWO', '8478.TW', '8422.TW', '4563.TWO', '3689.TWO', '4577.TWO', '3176.TWO', '3455.TWO', '1593.TWO', '4510.TWO', '3552.TWO', '2755.TWO', '1336.TWO', '4554.TWO', '4729.TWO', '6792.TW', '6923.TW', '3206.TWO', '3339.TWO', '3362.TWO', '3373.TWO', '3516.TWO', '5009.TWO', '3666.TWO', '4923.TWO', '9919.TW', '9943.TW', '8104.TW', '3363.TWO', '3095.TWO', '3546.TWO', '3071.TWO', '6770.TW', '3287.TWO', '9938.TW', '4743.TWO', '4953.TWO', '6944.TW', '5011.TWO', '8131.TW', '4933.TWO', '1785.TWO', '3611.TWO', '6757.TW', '6672.TW', '4128.TWO', '8429.TW', '6781.TW', '6796.TW', '3205.TWO', '4542.TWO', '3236.TWO', '1796.TWO', '5016.TWO', '4153.TWO', '4707.TWO', '6753.TW', '4760.TWO', '6863.TW', '3374.TWO', '4754.TWO', '4721.TWO', '3066.TWO', '6928.TW', '4971.TWO', '3294.TWO', '2066.TWO', '6756.TW', '8261.TW', '9907.TW', '7786.TW', '8011.TW', '2745.TWO', '3680.TWO', '4541.TWO', '6691.TW', '3332.TWO', '4580.TWO', '8070.TW', '3293.TWO', '3171.TWO', '6957.TW', '3567.TWO', '8150.TW', '6670.TW', '3540.TWO', '4966.TWO', '4714.TWO', '4160.TWO', '8110.TW', '9955.TW', '3088.TWO', '7799.TW', '3218.TWO', '3141.TWO', '8249.TW', '9935.TW', '4161.TWO', '5014.TWO', '7740.TW', '6794.TW', '3163.TWO', '3577.TWO', '4129.TWO', '4535.TWO', '5201.TWO', '8222.TW', '8374.TW', '7788.TW', '6782.TW', '3323.TWO', '4741.TWO', '7769.TW', '3587.TWO', '9921.TW', '4416.TWO', '2641.TWO', '8033.TW', '9802.TW', '4533.TWO', '6715.TW', '3580.TWO', '3663.TWO', '6918.TW', '4107.TWO', '9914.TW', '3268.TWO', '6869.TW', '2061.TWO', '4127.TWO', '4558.TWO', '4702.TWO', '3707.TWO', '8271.TW']: OperationalError('unable to open database file')
['6790.TW', '1570.TWO', '3317.TWO', '3131.TWO', '3564.TWO', '3178.TWO', '3631.TWO', '3360.TWO', '4130.TWO', '4931.TWO', '3284.TWO', '6885.TW', '2736.TWO', '6689.TW', '3490.TWO', '3492.TWO', '8103.TW', '9945.TW', '6789.TW', '6873.TW', '4163.TWO', '3219.TWO', '3465.TWO', '4905.TWO', '7722.TW', '6901.TW', '3128.TWO', '6807.TW', '4109.TWO', '2230.TWO', '8341.TW', '1784.TWO', '6890.TW', '3548.TWO', '8462.TW', '7721.TW', '6776.TW', '4417.TWO', '8046.TW']: possibly delisted; no timezone found
['4166.TWO', '4903.TWO', '8215.TW', '3489.TWO', '4174.TWO', '1586.TWO', '4979.TWO', '3511.TWO', '4113.TWO', '8476.TW', '3521.TWO', '8114.TW', '4401.TWO', '3551.TWO', '3615.TWO', '6902.TW', '4908.TWO', '3081.TWO', '8112.TW', '3217.TWO', '4116.TWO', '4716.TWO', '9928.TW', '3609.TWO']: possibly delisted; no price data found  (1d 2026-05-24 -> 2026-07-09)
$6716.TWO: possibly delisted; no price data found  (1d 2026-05-24 -> 2026-07-09)
$6417.TWO: possibly delisted; no price data found  (1d 2026-05-24 -> 2026-07-09)
$6185.TWO: possibly delisted; no price data found  (1d 2026-05-24 -> 2026-07-09)
Failed to get ticker '6292.TWO' reason: Failed to perform, curl: (6) getaddrinfo() thread failed to start. See https://curl.se/libcurl/c/libcurl-errors.html first for more details.
$6292.TWO: possibly delisted; no timezone found
$8942.TWO: possibly delisted; no price data found  (1d 2026-05-24 -> 2026-07-09)
Failed to get ticker '7714.TWO' reason: Failed to perform, curl: (6) getaddrinfo() thread failed to start. See https://curl.se/libcurl/c/libcurl-errors.html first for more details.
$7714.TWO: possibly delisted; no timezone found
Failed to get ticker '6126.TWO' reason: Failed to perform, curl: (6) getaddrinfo() thread failed to start. See https://curl.se/libcurl/c/libcurl-errors.html first for more details.
$6126.TWO: possibly delisted; no timezone found
Failed to get ticker '6712.TWO' reason: Failed to perform, curl: (6) getaddrinfo() thread failed to start. See https://curl.se/libcurl/c/libcurl-errors.html first for more details.
$6712.TWO: possibly delisted; no timezone found
Failed to get ticker '5438.TWO' reason: Failed to perform, curl: (6) getaddrinfo() thread failed to start. See https://curl.se/libcurl/c/libcurl-errors.html first for more details.
$5438.TWO: possibly delisted; no timezone found
Failed to get ticker '6219.TWO' reason: Failed to perform, curl: (6) getaddrinfo() thread failed to start. See https://curl.se/libcurl/c/libcurl-errors.html first for more details.
$6219.TWO: possibly delisted; no timezone found
$6560.TWO: possibly delisted; no price data found  (1d 2026-05-24 -> 2026-07-09)
Failed to get ticker '7744.TWO' reason: Failed to perform, curl: (6) getaddrinfo() thread failed to start. See https://curl.se/libcurl/c/libcurl-errors.html first for more details.
$7744.TWO: possibly delisted; no timezone found
Failed to get ticker '6146.TWO' reason: Failed to perform, curl: (6) getaddrinfo() thread failed to start. See https://curl.se/libcurl/c/libcurl-errors.html first for more details.
$6146.TWO: possibly delisted; no timezone found
Failed to get ticker '8440.TWO' reason: Failed to perform, curl: (6) getaddrinfo() thread failed to start. See https://curl.se/libcurl/c/libcurl-errors.html first for more details.
$8440.TWO: possibly delisted; no timezone found
Failed to get ticker '7805.TWO' reason: Failed to perform, curl: (6) getaddrinfo() thread failed to start. See https://curl.se/libcurl/c/libcurl-errors.html first for more details.
$7805.TWO: possibly delisted; no timezone found
$5223.TWO: possibly delisted; no price data found  (1d 2026-05-24 -> 2026-07-09)
Failed to get ticker '8109.TWO' reason: Failed to perform, curl: (6) getaddrinfo() thread failed to start. See https://curl.se/libcurl/c/libcurl-errors.html first for more details.
$8109.TWO: possibly delisted; no timezone found
$6967.TWO: possibly delisted; no price data found  (1d 2026-05-24 -> 2026-07-09)
Failed to get ticker '5536.TWO' reason: Failed to perform, curl: (6) getaddrinfo() thread failed to start. See https://curl.se/libcurl/c/libcurl-errors.html first for more details.
Failed to get ticker '6462.TWO' reason: Failed to perform, curl: (6) getaddrinfo() thread failed to start. See https://curl.se/libcurl/c/libcurl-errors.html first for more details.
$5536.TWO: possibly delisted; no timezone found
$6462.TWO: possibly delisted; no timezone found
$6516.TWO: possibly delisted; no price data found  (1d 2026-05-24 -> 2026-07-09)
$6204.TWO: possibly delisted; no price data found  (1d 2026-05-24 -> 2026-07-09)
Failed to get ticker '5251.TWO' reason: Failed to perform, curl: (6) Could not resolve host: query2.finance.yahoo.com. See https://curl.se/libcurl/c/libcurl-errors.html first for more details.
$5251.TWO: possibly delisted; no timezone found
Failed to get ticker '5529.TWO' reason: Failed to perform, curl: (6) getaddrinfo() thread failed to start. See https://curl.se/libcurl/c/libcurl-errors.html first for more details.
Failed to get ticker '6174.TWO' reason: Failed to perform, curl: (6) getaddrinfo() thread failed to start. See https://curl.se/libcurl/c/libcurl-errors.html first for more details.
$5529.TWO: possibly delisted; no timezone found
$6174.TWO: possibly delisted; no timezone found
Failed to get ticker '5220.TWO' reason: Failed to perform, curl: (6) getaddrinfo() thread failed to start. See https://curl.se/libcurl/c/libcurl-errors.html first for more details.
$5220.TWO: possibly delisted; no timezone found
Failed to get ticker '6763.TWO' reason: Failed to perform, curl: (6) getaddrinfo() thread failed to start. See https://curl.se/libcurl/c/libcurl-errors.html first for more details.
$6763.TWO: possibly delisted; no timezone found
$6538.TWO: possibly delisted; no price data found  (1d 2026-05-24 -> 2026-07-09)
$6111.TWO: possibly delisted; no price data found  (1d 2026-05-24 -> 2026-07-09)
Failed to get ticker '7718.TWO' reason: Failed to perform, curl: (6) Could not resolve host: query2.finance.yahoo.com. See https://curl.se/libcurl/c/libcurl-errors.html first for more details.
$7718.TWO: possibly delisted; no timezone found
Failed to get ticker '8076.TWO' reason: Failed to perform, curl: (6) getaddrinfo() thread failed to start. See https://curl.se/libcurl/c/libcurl-errors.html first for more details.
$8076.TWO: possibly delisted; no timezone found
Failed to get ticker '5314.TWO' reason: Failed to perform, curl: (6) getaddrinfo() thread failed to start. See https://curl.se/libcurl/c/libcurl-errors.html first for more details.
$5314.TWO: possibly delisted; no timezone found
Failed to get ticker '6127.TWO' reason: Failed to perform, curl: (6) getaddrinfo() thread failed to start. See https://curl.se/libcurl/c/libcurl-errors.html first for more details.
$6127.TWO: possibly delisted; no timezone found
Failed to get ticker '6791.TWO' reason: Failed to perform, curl: (6) Could not resolve host: query2.finance.yahoo.com. See https://curl.se/libcurl/c/libcurl-errors.html first for more details.
$6791.TWO: possibly delisted; no timezone found
Failed to get ticker '5864.TWO' reason: Failed to perform, curl: (6) getaddrinfo() thread failed to start. See https://curl.se/libcurl/c/libcurl-errors.html first for more details.
$5864.TWO: possibly delisted; no timezone found
$6643.TWO: possibly delisted; no price data found  (1d 2026-05-24 -> 2026-07-09)
$6593.TWO: possibly delisted; no price data found  (1d 2026-05-24 -> 2026-07-09)
$6229.TWO: possibly delisted; no price data found  (1d 2026-05-24 -> 2026-07-09)
Failed to get ticker '5493.TWO' reason: Failed to perform, curl: (6) Could not resolve host: query2.finance.yahoo.com. See https://curl.se/libcurl/c/libcurl-errors.html first for more details.
$5493.TWO: possibly delisted; no timezone found
$5904.TWO: possibly delisted; no price data found  (1d 2026-05-24 -> 2026-07-09)
Failed to get ticker '6903.TWO' reason: Failed to perform, curl: (6) getaddrinfo() thread failed to start. See https://curl.se/libcurl/c/libcurl-errors.html first for more details.
$6903.TWO: possibly delisted; no timezone found
Failed to get ticker '6270.TWO' reason: Failed to perform, curl: (6) Could not resolve host: query2.finance.yahoo.com. See https://curl.se/libcurl/c/libcurl-errors.html first for more details.
$6270.TWO: possibly delisted; no timezone found
$7712.TWO: possibly delisted; no price data found  (1d 2026-05-24 -> 2026-07-09)
$8091.TWO: possibly delisted; no price data found  (1d 2026-05-24 -> 2026-07-09)
Failed to get ticker '6279.TWO' reason: Failed to perform, curl: (6) Could not resolve host: query2.finance.yahoo.com. See https://curl.se/libcurl/c/libcurl-errors.html first for more details.
$6279.TWO: possibly delisted; no timezone found
$6208.TWO: possibly delisted; no price data found  (1d 2026-05-24 -> 2026-07-09)
Failed to get ticker '5902.TWO' reason: Failed to perform, curl: (6) getaddrinfo() thread failed to start. See https://curl.se/libcurl/c/libcurl-errors.html first for more details.
$5902.TWO: possibly delisted; no timezone found
Failed to get ticker '6488.TWO' reason: Failed to perform, curl: (6) getaddrinfo() thread failed to start. See https://curl.se/libcurl/c/libcurl-errors.html first for more details.
$6488.TWO: possibly delisted; no timezone found
$5309.TWO: possibly delisted; no price data found  (1d 2026-05-24 -> 2026-07-09)
Failed to get ticker '6173.TWO' reason: Failed to perform, curl: (6) getaddrinfo() thread failed to start. See https://curl.se/libcurl/c/libcurl-errors.html first for more details.
$6173.TWO: possibly delisted; no timezone found
Failed to get ticker '6182.TWO' reason: Failed to perform, curl: (6) getaddrinfo() thread failed to start. See https://curl.se/libcurl/c/libcurl-errors.html first for more details.
$6182.TWO: possibly delisted; no timezone found
$5392.TWO: possibly delisted; no price data found  (1d 2026-05-24 -> 2026-07-09)
$6741.TWO: possibly delisted; no price data found  (1d 2026-05-24 -> 2026-07-09)
Failed to get ticker '6569.TWO' reason: Failed to perform, curl: (6) getaddrinfo() thread failed to start. See https://curl.se/libcurl/c/libcurl-errors.html first for more details.
$6569.TWO: possibly delisted; no timezone found
$7704.TWO: possibly delisted; no price data found  (1d 2026-05-24 -> 2026-07-09)

177 Failed downloads:
['6716.TWO', '6417.TWO', '6185.TWO', '8942.TWO', '6560.TWO', '5223.TWO', '6967.TWO', '6516.TWO', '6204.TWO', '6538.TWO', '6111.TWO', '6643.TWO', '6593.TWO', '6229.TWO', '5904.TWO', '7712.TWO', '8091.TWO', '6208.TWO', '5309.TWO', '5392.TWO', '6741.TWO', '7704.TWO']: possibly delisted; no price data found  (1d 2026-05-24 -> 2026-07-09)
['6156.TWO', '6419.TWO', '8358.TWO', '5351.TWO', '7715.TWO', '6727.TWO', '8034.TWO', '6020.TWO', '6221.TWO', '6158.TWO', '6498.TWO', '6233.TWO', '6620.TWO', '6411.TWO', '5364.TWO', '8227.TWO', '5481.TWO', '6913.TWO', '6925.TWO', '6877.TWO', '5609.TWO', '5498.TWO', '6190.TWO', '5443.TWO', '5483.TWO', '5202.TWO', '8472.TWO', '6899.TWO', '6499.TWO', '7556.TWO', '7703.TWO', '7709.TWO', '5289.TWO', '5490.TWO', '5245.TWO', '6274.TWO', '5206.TWO', '5274.TWO', '6138.TWO', '5457.TWO', '6435.TWO', '5328.TWO', '6752.TWO', '6113.TWO', '7738.TWO', '6265.TWO', '5371.TWO', '8284.TWO', '6654.TWO', '5488.TWO', '8096.TWO', '8354.TWO', '6637.TWO', '6227.TWO', '8097.TWO', '5460.TWO', '6603.TWO', '6895.TWO', '8099.TWO', '6266.TWO', '6596.TWO', '5439.TWO', '6441.TWO', '8089.TWO', '6894.TWO', '5210.TWO', '5340.TWO', '5299.TWO', '6284.TWO', '6101.TWO', '8421.TWO', '6840.TWO', '8147.TWO', '6179.TWO', '5236.TW', '6150.TWO', '6188.TWO', '5432.TWO', '8234.TWO', '5211.TWO', '6732.TWO', '8086.TWO', '6870.TWO', '8155.TWO', '6161.TWO', '5464.TWO', '6761.TWO', '6609.TWO', '6199.TWO', '6423.TWO', '6612.TWO', '5347.TWO', '6026.TWO', '8390.TWO', '7402.TWO', '8931.TWO', '9960.TWO', '6465.TWO', '5312.TWO', '6223.TWO', '6542.TWO', '6785.TWO', '8040.TWO', '8050.TWO', '8107.TWO', '6841.TWO', '8489.TWO', '5353.TWO', '5209.TWO', '6720.TWO', '6432.TWO', '6130.TWO', '6922.TWO', '6667.TWO', '5489.TWO', '6570.TWO', '6693.TWO', '5452.TWO', '6261.TWO', '6803.TWO', '6023.TWO', '8088.TWO']: OperationalError('unable to open database file')
['6292.TWO', '7714.TWO', '6126.TWO', '6712.TWO', '5438.TWO', '6219.TWO', '7744.TWO', '6146.TWO', '8440.TWO', '7805.TWO', '8109.TWO', '5536.TWO', '6462.TWO', '5251.TWO', '5529.TWO', '6174.TWO', '5220.TWO', '6763.TWO', '7718.TWO', '8076.TWO', '5314.TWO', '6127.TWO', '6791.TWO', '5864.TWO', '5493.TWO', '6903.TWO', '6270.TWO', '6279.TWO', '5902.TWO', '6488.TWO', '6173.TWO', '6182.TWO', '6569.TWO']: possibly delisted; no timezone found
[yfinance] 快取位置已重新導向至: /Users/chenyinyi/Documents/antigravity/台股資料/02_Margin_T1_Lab/.cache
=========================================================================
啟動：台股資券籌碼爬蟲與 T+1 實戰回測工具 (02_Margin_T1_Lab)
=========================================================================
正在下載台股歷史日曆...
正在下載最新的台股上市與上櫃股票清單...
共取得 1972 檔普通股
正在檢查 20260724 的官方信用交易資料是否已發布...
  ➔ 已偵測到最新公布資料日期: 20260724

【籌碼分析日】: 20260724 (T日)
  正在獲取資券歷史數據: 20260721, 20260722, 20260723, 20260724...
  資券爬取完成，開始進行籌碼變化過濾與計算...
  符合資券增加的候選股共 632 檔，開始下載技術面股價驗證...
  正在下載第 1/4 批股價數據 (共 200 檔, 區間 2026-06-09 ~ 2026-07-25)...
  正在下載第 2/4 批股價數據 (共 200 檔, 區間 2026-06-09 ~ 2026-07-25)...
  正在下載第 3/4 批股價數據 (共 200 檔, 區間 2026-06-09 ~ 2026-07-25)...
  正在下載第 4/4 批股價數據 (共 32 檔, 區間 2026-06-09 ~ 2026-07-25)...
  篩選完成！報告已儲存至 /Users/chenyinyi/Documents/antigravity/台股資料/02_Margin_T1_Lab/reports/margin_scan_20260724.csv，符合篩選個股共 62 檔

【開始進行 T+1 實戰回測驗收】
  回測對象 (T日): 20260708
  實戰交易時程:
    ➔ T+1 進場成本日: 20260709
    ➔ T+5 結算日: 20260715
    ➔ T+10 結算日: 20260722
  未發現 20260708 的掃描存檔，開始在線跑歷史篩選...

【籌碼分析日】: 20260708 (T日)
  正在獲取資券歷史數據: 20260703, 20260706, 20260707, 20260708...
  資券爬取完成，開始進行籌碼變化過濾與計算...
  符合資券增加的候選股共 777 檔，開始下載技術面股價驗證...
  正在下載第 1/4 批股價數據 (共 200 檔, 區間 2026-05-24 ~ 2026-07-09)...
  正在下載第 2/4 批股價數據 (共 200 檔, 區間 2026-05-24 ~ 2026-07-09)...
  正在下載第 3/4 批股價數據 (共 200 檔, 區間 2026-05-24 ~ 2026-07-09)...
  正在下載第 4/4 批股價數據 (共 177 檔, 區間 2026-05-24 ~ 2026-07-09)...
  篩選完成！報告已儲存至 /Users/chenyinyi/Documents/antigravity/台股資料/02_Margin_T1_Lab/reports/margin_scan_20260708.csv，符合篩選個股共 0 檔
  20260708 無任何符合篩選的標的。

【產出報告預覽】
📊 【台股獨立資券籌碼診斷 & T+1 回測報告】
📅 籌碼分析日 (T日)：2026/07/24
------------------------------------------
🔥 【當日資券篩選名單】
1. 🔥【資券同增：潛在軋空強勢股】(共 1 檔):
   - 2484 希華 (收盤: 71.90, 資當日增: +123, 券當日增: +166)

2. 🚀【主力點火資】(共 28 檔):
   - 1503 士電 (收盤: 204.50, 資當日增: +9)
   - 1563 巧新 (收盤: 61.90, 資當日增: +254)
   - 1590 亞德客-KY (收盤: 1425.00, 資當日增: +1)
   - 2009 第一銅 (收盤: 37.40, 資當日增: +8)
   - 2027 大成鋼 (收盤: 43.55, 資當日增: +87)
   - 2049 上銀 (收盤: 313.00, 資當日增: +2)
   - 2302 麗正 (收盤: 43.00, 資當日增: +574)
   - 2376 技嘉 (收盤: 354.50, 資當日增: +31)
   * ... 尚有 20 檔，詳見 CSV 報表

3. ⚠️【散戶套牢資 / 留意斷頭】(共 30 檔):
   - 1304 台聚 (收盤: 12.90, 資當日增: +236)
   - 1313 聯成 (收盤: 11.95, 資當日增: +53)
   - 1440 南紡 (收盤: 12.75, 資當日增: +61)
   - 1513 中興電 (收盤: 158.00, 資當日增: +11)
   - 1514 亞力 (收盤: 105.00, 資當日增: +30)
   - 1560 中砂 (收盤: 672.00, 資當日增: +21)
   - 1605 華新 (收盤: 32.85, 資當日增: +370)
   - 1609 大亞 (收盤: 36.85, 資當日增: +19)
   * ... 尚有 22 檔，詳見 CSV 報表
------------------------------------------
🎯 【T+1 實戰回測驗收對帳單】
📅 回測對象 (T日): 20260708 (T+10 結算數據尚未收齊，暫無回測表現)
------------------------------------------
ℹ️ 本日報表與回測 CSV 檔案已儲存於 `02_Margin_T1_Lab/reports/`
[Telegram] 訊息發送成功 (Part 1/1)

執行結束，所有檔案已完成獨立產出。
Failed to get ticker '2501.TW' reason: Failed to perform, curl: (6) getaddrinfo() thread failed to start. See https://curl.se/libcurl/c/libcurl-errors.html first for more details.
Failed to get ticker '2545.TW' reason: Failed to perform, curl: (6) getaddrinfo() thread failed to start. See https://curl.se/libcurl/c/libcurl-errors.html first for more details.
$2527.TW: possibly delisted; no price data found  (1d 2026-06-09 -> 2026-07-25)
$3092.TW: possibly delisted; no price data found  (1d 2026-06-09 -> 2026-07-25)
$1762.TW: possibly delisted; no price data found  (1d 2026-06-09 -> 2026-07-25)
$2426.TW: possibly delisted; no price data found  (1d 2026-06-09 -> 2026-07-25)
$2867.TW: possibly delisted; no price data found  (1d 2026-06-09 -> 2026-07-25)
$2453.TW: possibly delisted; no price data found  (1d 2026-06-09 -> 2026-07-25)
$2423.TW: possibly delisted; no price data found  (1d 2026-06-09 -> 2026-07-25)
$1503.TW: possibly delisted; no price data found  (1d 2026-06-09 -> 2026-07-25)
Failed to get ticker '2486.TW' reason: Failed to perform, curl: (6) getaddrinfo() thread failed to start. See https://curl.se/libcurl/c/libcurl-errors.html first for more details.
$2486.TW: possibly delisted; no timezone found
Failed to get ticker '1437.TW' reason: Failed to perform, curl: (6) getaddrinfo() thread failed to start. See https://curl.se/libcurl/c/libcurl-errors.html first for more details.
$1437.TW: possibly delisted; no timezone found
$2402.TW: possibly delisted; no price data found  (1d 2026-06-09 -> 2026-07-25)
$1513.TW: possibly delisted; no price data found  (1d 2026-06-09 -> 2026-07-25)
$1104.TW: possibly delisted; no price data found  (1d 2026-06-09 -> 2026-07-25)
$2646.TW: possibly delisted; no price data found  (1d 2026-06-09 -> 2026-07-25)
$3052.TW: possibly delisted; no price data found  (1d 2026-06-09 -> 2026-07-25)
$2313.TW: possibly delisted; no price data found  (1d 2026-06-09 -> 2026-07-25)
$1560.TW: possibly delisted; no price data found  (1d 2026-06-09 -> 2026-07-25)
$2247.TW: possibly delisted; no price data found  (1d 2026-06-09 -> 2026-07-25)
$1440.TW: possibly delisted; no price data found  (1d 2026-06-09 -> 2026-07-25)
$1718.TW: possibly delisted; no price data found  (1d 2026-06-09 -> 2026-07-25)
$2849.TW: possibly delisted; no price data found  (1d 2026-06-09 -> 2026-07-25)
$2328.TW: possibly delisted; no price data found  (1d 2026-06-09 -> 2026-07-25)
Failed to get ticker '1806.TW' reason: Failed to perform, curl: (6) Could not resolve host: query2.finance.yahoo.com. See https://curl.se/libcurl/c/libcurl-errors.html first for more details.
$2406.TW: possibly delisted; no price data found  (1d 2026-06-09 -> 2026-07-25)
$1806.TW: possibly delisted; no timezone found
Failed to get ticker '2727.TW' reason: Failed to perform, curl: (6) getaddrinfo() thread failed to start. See https://curl.se/libcurl/c/libcurl-errors.html first for more details.
$2727.TW: possibly delisted; no timezone found
$3042.TW: possibly delisted; no price data found  (1d 2026-06-09 -> 2026-07-25)
$1304.TW: possibly delisted; no price data found  (1d 2026-06-09 -> 2026-07-25)
$2915.TW: possibly delisted; no price data found  (1d 2026-06-09 -> 2026-07-25)
$3209.TW: possibly delisted; no price data found  (1d 2026-06-09 -> 2026-07-25)
$2454.TW: possibly delisted; no price data found  (1d 2026-06-09 -> 2026-07-25)
$1608.TW: possibly delisted; no price data found  (1d 2026-06-09 -> 2026-07-25)
$1789.TW: possibly delisted; no price data found  (1d 2026-06-09 -> 2026-07-25)
$2722.TW: possibly delisted; no price data found  (1d 2026-06-09 -> 2026-07-25)
$2302.TW: possibly delisted; no price data found  (1d 2026-06-09 -> 2026-07-25)
$2348.TW: possibly delisted; no price data found  (1d 2026-06-09 -> 2026-07-25)
$1463.TW: possibly delisted; no price data found  (1d 2026-06-09 -> 2026-07-25)
$2880.TW: possibly delisted; no price data found  (1d 2026-06-09 -> 2026-07-25)
$2009.TW: possibly delisted; no price data found  (1d 2026-06-09 -> 2026-07-25)
Failed to get ticker '1773.TW' reason: Failed to perform, curl: (6) getaddrinfo() thread failed to start. See https://curl.se/libcurl/c/libcurl-errors.html first for more details.
$1773.TW: possibly delisted; no timezone found
$2329.TW: possibly delisted; no price data found  (1d 2026-06-09 -> 2026-07-25)
$2248.TW: possibly delisted; no price data found  (1d 2026-06-09 -> 2026-07-25)
$1337.TW: possibly delisted; no price data found  (1d 2026-06-09 -> 2026-07-25)
$2301.TW: possibly delisted; no price data found  (1d 2026-06-09 -> 2026-07-25)
$2032.TW: possibly delisted; no price data found  (1d 2026-06-09 -> 2026-07-25)

135 Failed downloads:
['2501.TW', '2545.TW']: DNSError('Failed to perform, curl: (6) getaddrinfo() thread failed to start. See https://curl.se/libcurl/c/libcurl-errors.html first for more details.')
['2881.TW', '1568.TW', '1216.TW', '1526.TW', '2832.TW', '1314.TW', '1313.TW', '2399.TW', '2484.TW', '1256.TW', '3013.TW', '2312.TW', '2723.TW', '1605.TW', '2425.TW', '3032.TW', '3006.TW', '3046.TW', '2911.TW', '2468.TW', '2524.TW', '2614.TW', '3047.TW', '1342.TW', '2376.TW', '1615.TW', '3027.TW', '1514.TW', '2645.TW', '1536.TW', '2388.TW', '2497.TW', '2514.TW', '2417.TW', '1312.TW', '2305.TW', '1475.TW', '3055.TW', '1449.TW', '2889.TW', '3138.TW', '2413.TW', '3017.TW', '1783.TW', '2049.TW', '1708.TW', '1752.TW', '2530.TW', '2630.TW', '1416.TW', '2369.TW', '2108.TW', '2434.TW', '2939.TW', '3044.TW', '2539.TW', '1590.TW', '2101.TW', '1220.TW', '1805.TW', '2466.TW', '1617.TW', '3149.TW', '2393.TW', '2104.TW', '2637.TW', '2890.TW', '2910.TW', '1338.TW', '1541.TW', '2241.TW', '1540.TW', '2356.TW', '2408.TW', '2059.TW', '3011.TW', '2451.TW', '2850.TW', '1326.TW', '2412.TW', '2362.TW', '3004.TW', '2405.TW', '2027.TW', '3038.TW', '2801.TW', '2498.TW', '2886.TW', '2069.TW']: OperationalError('unable to open database file')
['2527.TW', '3092.TW', '1762.TW', '2426.TW', '2867.TW', '2453.TW', '2423.TW', '1503.TW', '2402.TW', '1513.TW', '1104.TW', '2646.TW', '3052.TW', '2313.TW', '1560.TW', '2247.TW', '1440.TW', '1718.TW', '2849.TW', '2328.TW', '2406.TW', '3042.TW', '1304.TW', '2915.TW', '3209.TW', '2454.TW', '1608.TW', '1789.TW', '2722.TW', '2302.TW', '2348.TW', '1463.TW', '2880.TW', '2009.TW', '2329.TW', '2248.TW', '1337.TW', '2301.TW', '2032.TW']: possibly delisted; no price data found  (1d 2026-06-09 -> 2026-07-25)
['2486.TW', '1437.TW', '1806.TW', '2727.TW', '1773.TW']: possibly delisted; no timezone found
$1586.TWO: possibly delisted; no price data found  (1d 2026-06-09 -> 2026-07-25)
$9958.TW: possibly delisted; no price data found  (1d 2026-06-09 -> 2026-07-25)
Failed to get ticker '8404.TW' reason: Failed to perform, curl: (6) getaddrinfo() thread failed to start. See https://curl.se/libcurl/c/libcurl-errors.html first for more details.
Failed to get ticker '6781.TW' reason: Failed to perform, curl: (77) error setting certificate verify locations:  CAfile: /Users/chenyinyi/miniconda3/ssl/cert.pem CApath: none. See https://curl.se/libcurl/c/libcurl-errors.html first for more details.
$8404.TW: possibly delisted; no timezone found
$6781.TW: possibly delisted; no timezone found
$5607.TW: possibly delisted; no price data found  (1d 2026-06-09 -> 2026-07-25)
Failed to get ticker '8454.TW' reason: Failed to perform, curl: (77) error setting certificate verify locations:  CAfile: /Users/chenyinyi/miniconda3/ssl/cert.pem CApath: none. See https://curl.se/libcurl/c/libcurl-errors.html first for more details.
$8454.TW: possibly delisted; no timezone found
$4967.TW: possibly delisted; no price data found  (1d 2026-06-09 -> 2026-07-25)
Failed to get ticker '3093.TWO' reason: Failed to perform, curl: (6) Could not resolve host: query2.finance.yahoo.com. See https://curl.se/libcurl/c/libcurl-errors.html first for more details.
$3093.TWO: possibly delisted; no timezone found
Failed to get ticker '7740.TW' reason: Failed to perform, curl: (6) getaddrinfo() thread failed to start. See https://curl.se/libcurl/c/libcurl-errors.html first for more details.
$6698.TW: possibly delisted; no price data found  (1d 2026-06-09 -> 2026-07-25)
$7740.TW: possibly delisted; no timezone found
$4562.TW: possibly delisted; no price data found  (1d 2026-06-09 -> 2026-07-25)
$6830.TW: possibly delisted; no price data found  (1d 2026-06-09 -> 2026-07-25)
Failed to get ticker '8438.TW' reason: Failed to perform, curl: (6) Could not resolve host: query2.finance.yahoo.com. See https://curl.se/libcurl/c/libcurl-errors.html first for more details.
$8438.TW: possibly delisted; no timezone found
Failed to get ticker '6235.TW' reason: Failed to perform, curl: (6) Could not resolve host: query2.finance.yahoo.com. See https://curl.se/libcurl/c/libcurl-errors.html first for more details.
Failed to get ticker '6658.TW' reason: Failed to perform, curl: (6) getaddrinfo() thread failed to start. See https://curl.se/libcurl/c/libcurl-errors.html first for more details.
$6235.TW: possibly delisted; no timezone found
Failed to get ticker '3550.TW' reason: Failed to perform, curl: (6) getaddrinfo() thread failed to start. See https://curl.se/libcurl/c/libcurl-errors.html first for more details.
$6658.TW: possibly delisted; no timezone found
$3550.TW: possibly delisted; no timezone found
$6706.TW: possibly delisted; no price data found  (1d 2026-06-09 -> 2026-07-25)
Failed to get ticker '3694.TW' reason: Failed to perform, curl: (6) Could not resolve host: query2.finance.yahoo.com. See https://curl.se/libcurl/c/libcurl-errors.html first for more details.
Failed to get ticker '8081.TW' reason: Failed to perform, curl: (6) Could not resolve host: query2.finance.yahoo.com. See https://curl.se/libcurl/c/libcurl-errors.html first for more details.
$3694.TW: possibly delisted; no timezone found
$8081.TW: possibly delisted; no timezone found
$6285.TW: possibly delisted; no price data found  (1d 2026-06-09 -> 2026-07-25)
$5608.TW: possibly delisted; no price data found  (1d 2026-06-09 -> 2026-07-25)
Failed to get ticker '6277.TW' reason: Failed to perform, curl: (6) getaddrinfo() thread failed to start. See https://curl.se/libcurl/c/libcurl-errors.html first for more details.
$6277.TW: possibly delisted; no timezone found
$8210.TW: possibly delisted; no price data found  (1d 2026-06-09 -> 2026-07-25)
$3515.TW: possibly delisted; no price data found  (1d 2026-06-09 -> 2026-07-25)
$8374.TW: possibly delisted; no price data found  (1d 2026-06-09 -> 2026-07-25)
$3308.TW: possibly delisted; no price data found  (1d 2026-06-09 -> 2026-07-25)
Failed to get ticker '6689.TW' reason: Failed to perform, curl: (6) getaddrinfo() thread failed to start. See https://curl.se/libcurl/c/libcurl-errors.html first for more details.
$6689.TW: possibly delisted; no timezone found
Failed to get ticker '7786.TW' reason: Failed to perform, curl: (77) error setting certificate verify locations:  CAfile: /Users/chenyinyi/miniconda3/ssl/cert.pem CApath: none. See https://curl.se/libcurl/c/libcurl-errors.html first for more details.
$7786.TW: possibly delisted; no timezone found
Failed to get ticker '6807.TW' reason: Failed to perform, curl: (6) getaddrinfo() thread failed to start. See https://curl.se/libcurl/c/libcurl-errors.html first for more details.
$6807.TW: possibly delisted; no timezone found
Failed to get ticker '6782.TW' reason: Failed to perform, curl: (6) getaddrinfo() thread failed to start. See https://curl.se/libcurl/c/libcurl-errors.html first for more details.
$6782.TW: possibly delisted; no timezone found
Failed to get ticker '6201.TW' reason: Failed to perform, curl: (6) getaddrinfo() thread failed to start. See https://curl.se/libcurl/c/libcurl-errors.html first for more details.
$6201.TW: possibly delisted; no timezone found
Failed to get ticker '6477.TW' reason: Failed to perform, curl: (6) getaddrinfo() thread failed to start. See https://curl.se/libcurl/c/libcurl-errors.html first for more details.
$5222.TW: possibly delisted; no price data found  (1d 2026-06-09 -> 2026-07-25)
$6477.TW: possibly delisted; no timezone found
$3661.TW: possibly delisted; no price data found  (1d 2026-06-09 -> 2026-07-25)
$3504.TW: possibly delisted; no price data found  (1d 2026-06-09 -> 2026-07-25)
$6768.TW: possibly delisted; no price data found  (1d 2026-06-09 -> 2026-07-25)
$6869.TW: possibly delisted; no price data found  (1d 2026-06-09 -> 2026-07-25)
$4770.TW: possibly delisted; no price data found  (1d 2026-06-09 -> 2026-07-25)
$9941.TW: possibly delisted; no price data found  (1d 2026-06-09 -> 2026-07-25)
Failed to get ticker '5243.TW' reason: Failed to perform, curl: (6) Could not resolve host: query2.finance.yahoo.com. See https://curl.se/libcurl/c/libcurl-errors.html first for more details.
$5243.TW: possibly delisted; no timezone found
Failed to get ticker '8487.TW' reason: Failed to perform, curl: (6) Could not resolve host: query2.finance.yahoo.com. See https://curl.se/libcurl/c/libcurl-errors.html first for more details.
$8487.TW: possibly delisted; no timezone found
$6451.TW: possibly delisted; no price data found  (1d 2026-06-09 -> 2026-07-25)
$8478.TW: possibly delisted; no price data found  (1d 2026-06-09 -> 2026-07-25)
Failed to get ticker '6592.TW' reason: Failed to perform, curl: (6) Could not resolve host: query2.finance.yahoo.com. See https://curl.se/libcurl/c/libcurl-errors.html first for more details.
$6592.TW: possibly delisted; no timezone found
Failed to get ticker '6153.TW' reason: Failed to perform, curl: (6) getaddrinfo() thread failed to start. See https://curl.se/libcurl/c/libcurl-errors.html first for more details.
$6153.TW: possibly delisted; no timezone found
$3703.TW: possibly delisted; no price data found  (1d 2026-06-09 -> 2026-07-25)
Failed to get ticker '5469.TW' reason: Failed to perform, curl: (6) getaddrinfo() thread failed to start. See https://curl.se/libcurl/c/libcurl-errors.html first for more details.
$5469.TW: possibly delisted; no timezone found
$6213.TW: possibly delisted; no price data found  (1d 2026-06-09 -> 2026-07-25)
$7769.TW: possibly delisted; no price data found  (1d 2026-06-09 -> 2026-07-25)
$3380.TW: possibly delisted; no price data found  (1d 2026-06-09 -> 2026-07-25)
$6743.TW: possibly delisted; no price data found  (1d 2026-06-09 -> 2026-07-25)
$4441.TW: possibly delisted; no price data found  (1d 2026-06-09 -> 2026-07-25)
$6671.TW: possibly delisted; no price data found  (1d 2026-06-09 -> 2026-07-25)
$3669.TW: possibly delisted; no price data found  (1d 2026-06-09 -> 2026-07-25)
$3605.TW: possibly delisted; no price data found  (1d 2026-06-09 -> 2026-07-25)
$4763.TW: possibly delisted; no price data found  (1d 2026-06-09 -> 2026-07-25)
Failed to get ticker '3066.TWO' reason: Failed to perform, curl: (6) Could not resolve host: query2.finance.yahoo.com. See https://curl.se/libcurl/c/libcurl-errors.html first for more details.
$3066.TWO: possibly delisted; no timezone found
Failed to get ticker '6133.TW' reason: Failed to perform, curl: (6) Could not resolve host: query2.finance.yahoo.com. See https://curl.se/libcurl/c/libcurl-errors.html first for more details.
$6133.TW: possibly delisted; no timezone found
$6164.TW: possibly delisted; no price data found  (1d 2026-06-09 -> 2026-07-25)
Failed to get ticker '8039.TW' reason: Failed to perform, curl: (6) getaddrinfo() thread failed to start. See https://curl.se/libcurl/c/libcurl-errors.html first for more details.
$8039.TW: possibly delisted; no timezone found
Failed to get ticker '6770.TW' reason: Failed to perform, curl: (6) Could not resolve host: query2.finance.yahoo.com. See https://curl.se/libcurl/c/libcurl-errors.html first for more details.
$6770.TW: possibly delisted; no timezone found
$4915.TW: possibly delisted; no price data found  (1d 2026-06-09 -> 2026-07-25)
Failed to get ticker '7722.TW' reason: Failed to perform, curl: (6) getaddrinfo() thread failed to start. See https://curl.se/libcurl/c/libcurl-errors.html first for more details.
$7722.TW: possibly delisted; no timezone found
Failed to get ticker '1796.TWO' reason: Failed to perform, curl: (6) getaddrinfo() thread failed to start. See https://curl.se/libcurl/c/libcurl-errors.html first for more details.
$1796.TWO: possibly delisted; no timezone found
$8072.TW: possibly delisted; no price data found  (1d 2026-06-09 -> 2026-07-25)
$6442.TW: possibly delisted; no price data found  (1d 2026-06-09 -> 2026-07-25)
$8422.TW: possibly delisted; no price data found  (1d 2026-06-09 -> 2026-07-25)
Failed to get ticker '1742.TWO' reason: Failed to perform, curl: (6) getaddrinfo() thread failed to start. See https://curl.se/libcurl/c/libcurl-errors.html first for more details.
$1742.TWO: possibly delisted; no timezone found
$6887.TW: possibly delisted; no price data found  (1d 2026-06-09 -> 2026-07-25)
Failed to get ticker '8110.TW' reason: Failed to perform, curl: (6) getaddrinfo() thread failed to start. See https://curl.se/libcurl/c/libcurl-errors.html first for more details.
$8110.TW: possibly delisted; no timezone found
$8271.TW: possibly delisted; no price data found  (1d 2026-06-09 -> 2026-07-25)
Failed to get ticker '6456.TW' reason: Failed to perform, curl: (6) Could not resolve host: query2.finance.yahoo.com. See https://curl.se/libcurl/c/libcurl-errors.html first for more details.
Failed to get ticker '2718.TWO' reason: Failed to perform, curl: (6) Could not resolve host: query2.finance.yahoo.com. See https://curl.se/libcurl/c/libcurl-errors.html first for more details.
$6456.TW: possibly delisted; no timezone found
$2718.TWO: possibly delisted; no timezone found
$4968.TW: possibly delisted; no price data found  (1d 2026-06-09 -> 2026-07-25)
$9935.TW: possibly delisted; no price data found  (1d 2026-06-09 -> 2026-07-25)
Failed to get ticker '6243.TW' reason: Failed to perform, curl: (6) Could not resolve host: query2.finance.yahoo.com. See https://curl.se/libcurl/c/libcurl-errors.html first for more details.
$6243.TW: possibly delisted; no timezone found
$9919.TW: possibly delisted; no price data found  (1d 2026-06-09 -> 2026-07-25)
$6902.TW: possibly delisted; no price data found  (1d 2026-06-09 -> 2026-07-25)
Failed to get ticker '7750.TW' reason: Failed to perform, curl: (6) Could not resolve host: query2.finance.yahoo.com. See https://curl.se/libcurl/c/libcurl-errors.html first for more details.
$7750.TW: possibly delisted; no timezone found
Failed to get ticker '3716.TW' reason: Failed to perform, curl: (6) getaddrinfo() thread failed to start. See https://curl.se/libcurl/c/libcurl-errors.html first for more details.
$3716.TW: possibly delisted; no timezone found
Failed to get ticker '6933.TW' reason: Failed to perform, curl: (6) getaddrinfo() thread failed to start. See https://curl.se/libcurl/c/libcurl-errors.html first for more details.
$6933.TW: possibly delisted; no timezone found
Failed to get ticker '6914.TW' reason: Failed to perform, curl: (6) getaddrinfo() thread failed to start. See https://curl.se/libcurl/c/libcurl-errors.html first for more details.
$6914.TW: possibly delisted; no timezone found

192 Failed downloads:
['1586.TWO', '9958.TW', '5607.TW', '4967.TW', '6698.TW', '4562.TW', '6830.TW', '6706.TW', '6285.TW', '5608.TW', '8210.TW', '3515.TW', '8374.TW', '3308.TW', '5222.TW', '3661.TW', '3504.TW', '6768.TW', '6869.TW', '4770.TW', '9941.TW', '6451.TW', '8478.TW', '3703.TW', '6213.TW', '7769.TW', '3380.TW', '6743.TW', '4441.TW', '6671.TW', '3669.TW', '3605.TW', '4763.TW', '6164.TW', '4915.TW', '8072.TW', '6442.TW', '8422.TW', '6887.TW', '8271.TW', '4968.TW', '9935.TW', '9919.TW', '6902.TW']: possibly delisted; no price data found  (1d 2026-06-09 -> 2026-07-25)
['3588.TW', '6691.TW', '4148.TW', '6272.TW', '6757.TW', '3095.TWO', '4977.TW', '6994.TW', '6666.TW', '3346.TW', '6672.TW', '6209.TW', '2061.TWO', '6136.TW', '6923.TW', '4960.TW', '5388.TW', '3583.TW', '4737.TW', '6531.TW', '6715.TW', '8104.TW', '3652.TW', '1294.TWO', '6835.TW', '9908.TW', '6202.TW', '3563.TW', '8045.TW', '6753.TW', '2066.TWO', '6257.TW', '4976.TW', '6957.TW', '4306.TW', '9938.TW', '2230.TWO', '6416.TW', '6928.TW', '6944.TW', '7721.TW', '3528.TW', '6890.TW', '8499.TW', '6641.TW', '6438.TW', '3530.TW', '4552.TW', '3296.TW', '4916.TW', '4994.TW', '3545.TW', '7711.TW', '2743.TWO', '3702.TW', '6863.TW', '6831.TW', '6206.TW', '8163.TW', '6166.TW', '5234.TW', '6579.TW', '8222.TW', '3450.TW', '6005.TW', '4566.TW', '6472.TW', '3518.TW', '9918.TW', '9910.TW', '2754.TWO', '3704.TW', '2736.TWO', '8249.TW', '3591.TW', '8162.TW', '7799.TW', '6128.TW', '3711.TW', '8442.TW', '6873.TW', '5876.TW', '6226.TW', '1591.TWO', '6239.TW', '4912.TW', '5907.TW', '6695.TW', '4739.TW', '6789.TW', '6176.TW', '3416.TW', '8476.TW', '4807.TW', '6805.TW', '5546.TW', '6585.TW', '2221.TWO', '4532.TW', '3081.TWO', '4576.TW', '5515.TW', '4746.TW', '5258.TW', '6533.TW', '4949.TW', '8105.TW', '6909.TW', '8215.TW', '3376.TW']: OperationalError('unable to open database file')
['8404.TW', '6781.TW', '8454.TW', '3093.TWO', '7740.TW', '8438.TW', '6235.TW', '6658.TW', '3550.TW', '3694.TW', '8081.TW', '6277.TW', '6689.TW', '7786.TW', '6807.TW', '6782.TW', '6201.TW', '6477.TW', '5243.TW', '8487.TW', '6592.TW', '6153.TW', '5469.TW', '3066.TWO', '6133.TW', '8039.TW', '6770.TW', '7722.TW', '1796.TWO', '1742.TWO', '8110.TW', '6456.TW', '2718.TWO', '6243.TW', '7750.TW', '3716.TW', '6933.TW', '6914.TW']: possibly delisted; no timezone found
Failed to get ticker '6895.TWO' reason: Failed to perform, curl: (6) getaddrinfo() thread failed to start. See https://curl.se/libcurl/c/libcurl-errors.html first for more details.
$6895.TWO: possibly delisted; no timezone found
Failed to get ticker '5287.TWO' reason: Failed to perform, curl: (6) getaddrinfo() thread failed to start. See https://curl.se/libcurl/c/libcurl-errors.html first for more details.
$5287.TWO: possibly delisted; no timezone found
Failed to get ticker '4966.TWO' reason: Failed to perform, curl: (77) error setting certificate verify locations:  CAfile: /Users/chenyinyi/miniconda3/ssl/cert.pem CApath: none. See https://curl.se/libcurl/c/libcurl-errors.html first for more details.
$6967.TWO: possibly delisted; no price data found  (1d 2026-06-09 -> 2026-07-25)
$4966.TWO: possibly delisted; no timezone found
$3430.TWO: possibly delisted; no price data found  (1d 2026-06-09 -> 2026-07-25)
Failed to get ticker '5274.TWO' reason: Failed to perform, curl: (77) error setting certificate verify locations:  CAfile: /Users/chenyinyi/miniconda3/ssl/cert.pem CApath: none. See https://curl.se/libcurl/c/libcurl-errors.html first for more details.
$4702.TWO: possibly delisted; no price data found  (1d 2026-06-09 -> 2026-07-25)
$5274.TWO: possibly delisted; no timezone found
$3455.TWO: possibly delisted; no price data found  (1d 2026-06-09 -> 2026-07-25)
Failed to get ticker '5450.TWO' reason: Failed to perform, curl: (6) getaddrinfo() thread failed to start. See https://curl.se/libcurl/c/libcurl-errors.html first for more details.
$5450.TWO: possibly delisted; no timezone found
Failed to get ticker '6279.TWO' reason: Failed to perform, curl: (6) getaddrinfo() thread failed to start. See https://curl.se/libcurl/c/libcurl-errors.html first for more details.
$6279.TWO: possibly delisted; no timezone found
Failed to get ticker '3317.TWO' reason: Failed to perform, curl: (6) getaddrinfo() thread failed to start. See https://curl.se/libcurl/c/libcurl-errors.html first for more details.
$3317.TWO: possibly delisted; no timezone found
$3511.TWO: possibly delisted; no price data found  (1d 2026-06-09 -> 2026-07-25)
$4157.TWO: possibly delisted; no price data found  (1d 2026-06-09 -> 2026-07-25)
$6640.TWO: possibly delisted; no price data found  (1d 2026-06-09 -> 2026-07-25)
Failed to get ticker '6651.TWO' reason: Failed to perform, curl: (6) getaddrinfo() thread failed to start. See https://curl.se/libcurl/c/libcurl-errors.html first for more details.
$6651.TWO: possibly delisted; no timezone found
$4903.TWO: possibly delisted; no price data found  (1d 2026-06-09 -> 2026-07-25)
$6229.TWO: possibly delisted; no price data found  (1d 2026-06-09 -> 2026-07-25)
$4747.TWO: possibly delisted; no price data found  (1d 2026-06-09 -> 2026-07-25)
$6530.TWO: possibly delisted; no price data found  (1d 2026-06-09 -> 2026-07-25)
$3221.TWO: possibly delisted; no price data found  (1d 2026-06-09 -> 2026-07-25)
$3529.TWO: possibly delisted; no price data found  (1d 2026-06-09 -> 2026-07-25)
$4138.TWO: possibly delisted; no price data found  (1d 2026-06-09 -> 2026-07-25)
$4538.TWO: possibly delisted; no price data found  (1d 2026-06-09 -> 2026-07-25)
$6158.TWO: possibly delisted; no price data found  (1d 2026-06-09 -> 2026-07-25)
Failed to get ticker '5487.TWO' reason: Failed to perform, curl: (6) getaddrinfo() thread failed to start. See https://curl.se/libcurl/c/libcurl-errors.html first for more details.
$5487.TWO: possibly delisted; no timezone found
Failed to get ticker '4513.TWO' reason: Failed to perform, curl: (6) getaddrinfo() thread failed to start. See https://curl.se/libcurl/c/libcurl-errors.html first for more details.
$4513.TWO: possibly delisted; no timezone found
Failed to get ticker '5321.TWO' reason: Failed to perform, curl: (6) getaddrinfo() thread failed to start. See https://curl.se/libcurl/c/libcurl-errors.html first for more details.
$5321.TWO: possibly delisted; no timezone found
$7734.TWO: possibly delisted; no price data found  (1d 2026-06-09 -> 2026-07-25)
$3207.TWO: possibly delisted; no price data found  (1d 2026-06-09 -> 2026-07-25)
Failed to get ticker '3516.TWO' reason: Failed to perform, curl: (6) getaddrinfo() thread failed to start. See https://curl.se/libcurl/c/libcurl-errors.html first for more details.
$3516.TWO: possibly delisted; no timezone found
Failed to get ticker '6874.TWO' reason: Failed to perform, curl: (6) getaddrinfo() thread failed to start. See https://curl.se/libcurl/c/libcurl-errors.html first for more details.
$6874.TWO: possibly delisted; no timezone found
$6922.TWO: possibly delisted; no price data found  (1d 2026-06-09 -> 2026-07-25)
$6654.TWO: possibly delisted; no price data found  (1d 2026-06-09 -> 2026-07-25)
$7777.TWO: possibly delisted; no price data found  (1d 2026-06-09 -> 2026-07-25)
$6245.TWO: possibly delisted; no price data found  (1d 2026-06-09 -> 2026-07-25)
$6894.TWO: possibly delisted; no price data found  (1d 2026-06-09 -> 2026-07-25)
$6684.TWO: possibly delisted; no price data found  (1d 2026-06-09 -> 2026-07-25)
$6603.TWO: possibly delisted; no price data found  (1d 2026-06-09 -> 2026-07-25)
Failed to get ticker '3623.TWO' reason: Failed to perform, curl: (6) getaddrinfo() thread failed to start. See https://curl.se/libcurl/c/libcurl-errors.html first for more details.
$3623.TWO: possibly delisted; no timezone found
$6690.TWO: possibly delisted; no price data found  (1d 2026-06-09 -> 2026-07-25)
$4120.TWO: possibly delisted; no price data found  (1d 2026-06-09 -> 2026-07-25)
Failed to get ticker '4417.TWO' reason: Failed to perform, curl: (6) getaddrinfo() thread failed to start. See https://curl.se/libcurl/c/libcurl-errors.html first for more details.
$4417.TWO: possibly delisted; no timezone found
Failed to get ticker '6913.TWO' reason: Failed to perform, curl: (77) error setting certificate verify locations:  CAfile: /Users/chenyinyi/miniconda3/ssl/cert.pem CApath: none. See https://curl.se/libcurl/c/libcurl-errors.html first for more details.
$6913.TWO: possibly delisted; no timezone found
Failed to get ticker '5490.TWO' reason: Failed to perform, curl: (6) getaddrinfo() thread failed to start. See https://curl.se/libcurl/c/libcurl-errors.html first for more details.
$5490.TWO: possibly delisted; no timezone found
$4716.TWO: possibly delisted; no price data found  (1d 2026-06-09 -> 2026-07-25)
Failed to get ticker '6275.TWO' reason: Failed to perform, curl: (6) getaddrinfo() thread failed to start. See https://curl.se/libcurl/c/libcurl-errors.html first for more details.
$6275.TWO: possibly delisted; no timezone found
Failed to get ticker '6259.TWO' reason: Failed to perform, curl: (6) Could not resolve host: query2.finance.yahoo.com. See https://curl.se/libcurl/c/libcurl-errors.html first for more details.
$6259.TWO: possibly delisted; no timezone found
$3687.TWO: possibly delisted; no price data found  (1d 2026-06-09 -> 2026-07-25)
$6148.TWO: possibly delisted; no price data found  (1d 2026-06-09 -> 2026-07-25)
$3163.TWO: possibly delisted; no price data found  (1d 2026-06-09 -> 2026-07-25)
$3567.TWO: possibly delisted; no price data found  (1d 2026-06-09 -> 2026-07-25)
$6741.TWO: possibly delisted; no price data found  (1d 2026-06-09 -> 2026-07-25)
Failed to get ticker '3558.TWO' reason: Failed to perform, curl: (77) error setting certificate verify locations:  CAfile: /Users/chenyinyi/miniconda3/ssl/cert.pem CApath: none. See https://curl.se/libcurl/c/libcurl-errors.html first for more details.
$3558.TWO: possibly delisted; no timezone found
$6021.TWO: possibly delisted; no price data found  (1d 2026-06-09 -> 2026-07-25)
Failed to get ticker '3131.TWO' reason: Failed to perform, curl: (6) Could not resolve host: query2.finance.yahoo.com. See https://curl.se/libcurl/c/libcurl-errors.html first for more details.
$3131.TWO: possibly delisted; no timezone found
Failed to get ticker '4147.TWO' reason: Failed to perform, curl: (6) Could not resolve host: query2.finance.yahoo.com. See https://curl.se/libcurl/c/libcurl-errors.html first for more details.
$4147.TWO: possibly delisted; no timezone found
Failed to get ticker '6179.TWO' reason: Failed to perform, curl: (6) getaddrinfo() thread failed to start. See https://curl.se/libcurl/c/libcurl-errors.html first for more details.
$6179.TWO: possibly delisted; no timezone found
$6190.TWO: possibly delisted; no price data found  (1d 2026-06-09 -> 2026-07-25)
$6637.TWO: possibly delisted; no price data found  (1d 2026-06-09 -> 2026-07-25)
Failed to get ticker '6194.TWO' reason: Failed to perform, curl: (6) getaddrinfo() thread failed to start. See https://curl.se/libcurl/c/libcurl-errors.html first for more details.
$6194.TWO: possibly delisted; no timezone found
$5392.TWO: possibly delisted; no price data found  (1d 2026-06-09 -> 2026-07-25)
$4768.TWO: possibly delisted; no price data found  (1d 2026-06-09 -> 2026-07-25)
Failed to get ticker '5523.TWO' reason: Failed to perform, curl: (6) getaddrinfo() thread failed to start. See https://curl.se/libcurl/c/libcurl-errors.html first for more details.
$5523.TWO: possibly delisted; no timezone found
$4171.TWO: possibly delisted; no price data found  (1d 2026-06-09 -> 2026-07-25)
Failed to get ticker '6219.TWO' reason: Failed to perform, curl: (6) Could not resolve host: query2.finance.yahoo.com. See https://curl.se/libcurl/c/libcurl-errors.html first for more details.
$6219.TWO: possibly delisted; no timezone found
Failed to get ticker '3114.TWO' reason: Failed to perform, curl: (6) getaddrinfo() thread failed to start. See https://curl.se/libcurl/c/libcurl-errors.html first for more details.
$3114.TWO: possibly delisted; no timezone found
$3205.TWO: possibly delisted; no price data found  (1d 2026-06-09 -> 2026-07-25)
Failed to get ticker '3128.TWO' reason: Failed to perform, curl: (6) getaddrinfo() thread failed to start. See https://curl.se/libcurl/c/libcurl-errors.html first for more details.
$3128.TWO: possibly delisted; no timezone found
$5481.TWO: possibly delisted; no price data found  (1d 2026-06-09 -> 2026-07-25)
Failed to get ticker '6147.TWO' reason: Failed to perform, curl: (6) Could not resolve host: query2.finance.yahoo.com. See https://curl.se/libcurl/c/libcurl-errors.html first for more details.
$6147.TWO: possibly delisted; no timezone found
$6023.TWO: possibly delisted; no price data found  (1d 2026-06-09 -> 2026-07-25)
$3379.TWO: possibly delisted; no price data found  (1d 2026-06-09 -> 2026-07-25)
$6804.TWO: possibly delisted; no price data found  (1d 2026-06-09 -> 2026-07-25)
Failed to get ticker '3564.TWO' reason: Failed to perform, curl: (6) getaddrinfo() thread failed to start. See https://curl.se/libcurl/c/libcurl-errors.html first for more details.
$3564.TWO: possibly delisted; no timezone found
Failed to get ticker '6821.TWO' reason: Failed to perform, curl: (6) getaddrinfo() thread failed to start. See https://curl.se/libcurl/c/libcurl-errors.html first for more details.
$6821.TWO: possibly delisted; no timezone found
Failed to get ticker '6578.TWO' reason: Failed to perform, curl: (6) Could not resolve host: query2.finance.yahoo.com. See https://curl.se/libcurl/c/libcurl-errors.html first for more details.
$6578.TWO: possibly delisted; no timezone found
$5312.TWO: possibly delisted; no price data found  (1d 2026-06-09 -> 2026-07-25)
$6482.TWO: possibly delisted; no price data found  (1d 2026-06-09 -> 2026-07-25)
Failed to get ticker '6425.TWO' reason: Failed to perform, curl: (6) getaddrinfo() thread failed to start. See https://curl.se/libcurl/c/libcurl-errors.html first for more details.
$6425.TWO: possibly delisted; no timezone found
Failed to get ticker '3260.TWO' reason: Failed to perform, curl: (6) Could not resolve host: query2.finance.yahoo.com. See https://curl.se/libcurl/c/libcurl-errors.html first for more details.
$3260.TWO: possibly delisted; no timezone found
$4543.TWO: possibly delisted; no price data found  (1d 2026-06-09 -> 2026-07-25)
$3587.TWO: possibly delisted; no price data found  (1d 2026-06-09 -> 2026-07-25)
$6538.TWO: possibly delisted; no price data found  (1d 2026-06-09 -> 2026-07-25)
Failed to get ticker '3323.TWO' reason: Failed to perform, curl: (77) error setting certificate verify locations:  CAfile: /Users/chenyinyi/miniconda3/ssl/cert.pem CApath: none. See https://curl.se/libcurl/c/libcurl-errors.html first for more details.
$3323.TWO: possibly delisted; no timezone found
Failed to get ticker '3360.TWO' reason: Failed to perform, curl: (6) getaddrinfo() thread failed to start. See https://curl.se/libcurl/c/libcurl-errors.html first for more details.
$3360.TWO: possibly delisted; no timezone found
Failed to get ticker '6953.TWO' reason: Failed to perform, curl: (6) Could not resolve host: query2.finance.yahoo.com. See https://curl.se/libcurl/c/libcurl-errors.html first for more details.
$6953.TWO: possibly delisted; no timezone found
$6720.TWO: possibly delisted; no price data found  (1d 2026-06-09 -> 2026-07-25)
Failed to get ticker '3354.TWO' reason: Failed to perform, curl: (6) getaddrinfo() thread failed to start. See https://curl.se/libcurl/c/libcurl-errors.html first for more details.
$3354.TWO: possibly delisted; no timezone found
$5213.TWO: possibly delisted; no price data found  (1d 2026-06-09 -> 2026-07-25)
$6561.TWO: possibly delisted; no price data found  (1d 2026-06-09 -> 2026-07-25)
$3303.TWO: possibly delisted; no price data found  (1d 2026-06-09 -> 2026-07-25)
$5011.TWO: possibly delisted; no price data found  (1d 2026-06-09 -> 2026-07-25)
$3551.TWO: possibly delisted; no price data found  (1d 2026-06-09 -> 2026-07-25)

192 Failed downloads:
['6895.TWO', '5287.TWO', '4966.TWO', '5274.TWO', '5450.TWO', '6279.TWO', '3317.TWO', '6651.TWO', '5487.TWO', '4513.TWO', '5321.TWO', '3516.TWO', '6874.TWO', '3623.TWO', '4417.TWO', '6913.TWO', '5490.TWO', '6275.TWO', '6259.TWO', '3558.TWO', '3131.TWO', '4147.TWO', '6179.TWO', '6194.TWO', '5523.TWO', '6219.TWO', '3114.TWO', '3128.TWO', '6147.TWO', '3564.TWO', '6821.TWO', '6578.TWO', '6425.TWO', '3260.TWO', '3323.TWO', '3360.TWO', '6953.TWO', '3354.TWO']: possibly delisted; no timezone found
['5452.TWO', '3479.TWO', '5489.TWO', '6925.TWO', '6996.TWO', '3310.TWO', '4561.TWO', '5291.TWO', '5386.TWO', '3211.TWO', '4113.TWO', '3489.TWO', '6270.TWO', '4563.TWO', '5278.TWO', '6199.TWO', '6015.TWO', '6465.TWO', '4743.TWO', '3402.TWO', '7402.TWO', '6725.TWO', '3540.TWO', '5289.TWO', '6509.TWO', '4905.TWO', '6568.TWO', '6547.TWO', '6498.TWO', '5902.TWO', '3276.TWO', '3224.TWO', '4951.TWO', '4908.TWO', '6527.TWO', '6870.TWO', '5210.TWO', '3176.TWO', '6208.TWO', '3631.TWO', '5353.TWO', '3689.TWO', '6642.TWO', '3169.TWO', '4973.TWO', '4707.TWO', '4580.TWO', '3498.TWO', '4416.TWO', '4760.TWO', '6877.TWO', '4735.TWO', '3284.TWO', '6291.TWO', '4127.TWO', '3609.TWO', '6101.TWO', '5488.TWO', '4907.TWO', '3541.TWO', '3646.TWO', '3285.TWO', '3363.TWO', '3555.TWO', '4528.TWO', '4153.TWO', '3527.TWO', '3141.TWO', '7547.TWO', '5398.TWO', '6620.TWO', '6829.TWO', '6716.TWO', '4535.TWO', '3264.TWO', '6265.TWO', '3693.TWO', '4542.TWO', '5457.TWO', '6432.TWO', '6187.TWO', '4541.TWO', '7723.TWO', '4728.TWO', '6546.TWO', '4923.TWO', '3219.TWO', '6548.TWO', '3390.TWO', '3230.TWO', '6150.TWO', '6469.TWO', '7744.TWO', '5904.TWO', '5263.TWO', '6823.TWO', '3666.TWO', '6577.TWO', '3272.TWO']: OperationalError('unable to open database file')
['6967.TWO', '3430.TWO', '3455.TWO', '4702.TWO', '3511.TWO', '4157.TWO', '6640.TWO', '4903.TWO', '6229.TWO', '4747.TWO', '6530.TWO', '3221.TWO', '3529.TWO', '4138.TWO', '4538.TWO', '6158.TWO', '7734.TWO', '3207.TWO', '6922.TWO', '6654.TWO', '7777.TWO', '6245.TWO', '6894.TWO', '6684.TWO', '6603.TWO', '6690.TWO', '4120.TWO', '4716.TWO', '3687.TWO', '6148.TWO', '3163.TWO', '3567.TWO', '6741.TWO', '6021.TWO', '6190.TWO', '6637.TWO', '5392.TWO', '4768.TWO', '4171.TWO', '3205.TWO', '5481.TWO', '6023.TWO', '3379.TWO', '6804.TWO', '5312.TWO', '6482.TWO', '4543.TWO', '3587.TWO', '6538.TWO', '6720.TWO', '5213.TWO', '6561.TWO', '3303.TWO', '5011.TWO', '3551.TWO']: possibly delisted; no price data found  (1d 2026-06-09 -> 2026-07-25)
Failed to get ticker '8415.TWO' reason: Failed to perform, curl: (6) getaddrinfo() thread failed to start. See https://curl.se/libcurl/c/libcurl-errors.html first for more details.
$8415.TWO: possibly delisted; no timezone found
$8099.TWO: possibly delisted; no price data found  (1d 2026-06-09 -> 2026-07-25)
$8155.TWO: possibly delisted; no price data found  (1d 2026-06-09 -> 2026-07-25)
$8111.TWO: possibly delisted; no price data found  (1d 2026-06-09 -> 2026-07-25)
Failed to get ticker '8440.TWO' reason: Failed to perform, curl: (6) getaddrinfo() thread failed to start. See https://curl.se/libcurl/c/libcurl-errors.html first for more details.
$8440.TWO: possibly delisted; no timezone found
$8182.TWO: possibly delisted; no price data found  (1d 2026-06-09 -> 2026-07-25)
Failed to get ticker '8102.TWO' reason: Failed to perform, curl: (6) Could not resolve host: query2.finance.yahoo.com. See https://curl.se/libcurl/c/libcurl-errors.html first for more details.
$8050.TWO: possibly delisted; no price data found  (1d 2026-06-09 -> 2026-07-25)
$8102.TWO: possibly delisted; no timezone found
Failed to get ticker '8097.TWO' reason: Failed to perform, curl: (77) error setting certificate verify locations:  CAfile: /Users/chenyinyi/miniconda3/ssl/cert.pem CApath: none. See https://curl.se/libcurl/c/libcurl-errors.html first for more details.
$8097.TWO: possibly delisted; no timezone found
$8354.TWO: possibly delisted; no price data found  (1d 2026-06-09 -> 2026-07-25)
$8432.TWO: possibly delisted; no price data found  (1d 2026-06-09 -> 2026-07-25)
$8289.TWO: possibly delisted; no price data found  (1d 2026-06-09 -> 2026-07-25)
Failed to get ticker '8383.TWO' reason: Failed to perform, curl: (6) getaddrinfo() thread failed to start. See https://curl.se/libcurl/c/libcurl-errors.html first for more details.
$8942.TWO: possibly delisted; no price data found  (1d 2026-06-09 -> 2026-07-25)
$8383.TWO: possibly delisted; no timezone found
$9949.TWO: possibly delisted; no price data found  (1d 2026-06-09 -> 2026-07-25)
Failed to get ticker '7810.TWO' reason: Failed to perform, curl: (6) getaddrinfo() thread failed to start. See https://curl.se/libcurl/c/libcurl-errors.html first for more details.
$7810.TWO: possibly delisted; no timezone found
Failed to get ticker '8049.TWO' reason: Failed to perform, curl: (6) Could not resolve host: query2.finance.yahoo.com. See https://curl.se/libcurl/c/libcurl-errors.html first for more details.
$8049.TWO: possibly delisted; no timezone found
Failed to get ticker '8431.TWO' reason: Failed to perform, curl: (6) getaddrinfo() thread failed to start. See https://curl.se/libcurl/c/libcurl-errors.html first for more details.
$8431.TWO: possibly delisted; no timezone found
$8932.TWO: possibly delisted; no price data found  (1d 2026-06-09 -> 2026-07-25)
Failed to get ticker '8074.TWO' reason: Failed to perform, curl: (6) getaddrinfo() thread failed to start. See https://curl.se/libcurl/c/libcurl-errors.html first for more details.
$8088.TWO: possibly delisted; no price data found  (1d 2026-06-09 -> 2026-07-25)
$8074.TWO: possibly delisted; no timezone found
$8924.TWO: possibly delisted; no price data found  (1d 2026-06-09 -> 2026-07-25)

27 Failed downloads:
['8415.TWO', '8440.TWO', '8102.TWO', '8097.TWO', '8383.TWO', '7810.TWO', '8049.TWO', '8431.TWO', '8074.TWO']: possibly delisted; no timezone found
['8099.TWO', '8155.TWO', '8111.TWO', '8182.TWO', '8050.TWO', '8354.TWO', '8432.TWO', '8289.TWO', '8942.TWO', '9949.TWO', '8932.TWO', '8088.TWO', '8924.TWO']: possibly delisted; no price data found  (1d 2026-06-09 -> 2026-07-25)
['8171.TWO', '8931.TWO', '8401.TWO', '8048.TWO', '8069.TWO']: OperationalError('unable to open database file')
[yfinance] 快取位置已重新導向至: /Users/chenyinyi/Documents/antigravity/台股資料/02_Margin_T1_Lab/.cache
=========================================================================
啟動：台股資券籌碼爬蟲與 T+1 實戰回測工具 (02_Margin_T1_Lab)
=========================================================================
正在下載台股歷史日曆...
正在下載最新的台股上市與上櫃股票清單...
共取得 1972 檔普通股
正在檢查 20260724 的官方信用交易資料是否已發布...
  ➔ 已偵測到最新公布資料日期: 20260724

【籌碼分析日】: 20260724 (T日)
  正在獲取資券歷史數據: 20260721, 20260722, 20260723, 20260724...
  資券爬取完成，開始進行籌碼變化過濾與計算...
  符合資券增加的候選股共 632 檔，開始下載技術面股價驗證...
  正在下載第 1/4 批股價數據 (共 200 檔, 區間 2026-06-09 ~ 2026-07-25)...
  正在下載第 2/4 批股價數據 (共 200 檔, 區間 2026-06-09 ~ 2026-07-25)...
  正在下載第 3/4 批股價數據 (共 200 檔, 區間 2026-06-09 ~ 2026-07-25)...
  正在下載第 4/4 批股價數據 (共 32 檔, 區間 2026-06-09 ~ 2026-07-25)...
  篩選完成！報告已儲存至 /Users/chenyinyi/Documents/antigravity/台股資料/02_Margin_T1_Lab/reports/margin_scan_20260724.csv，符合篩選個股共 40 檔

【開始進行 T+1 實戰回測驗收】
  回測對象 (T日): 20260708
  實戰交易時程:
    ➔ T+1 進場成本日: 20260709
    ➔ T+5 結算日: 20260715
    ➔ T+10 結算日: 20260722
[警告] 執行回測驗收時發生錯誤: No columns to parse from file

【產出報告預覽】
📊 【台股獨立資券籌碼診斷 & T+1 回測報告】
📅 籌碼分析日 (T日)：2026/07/24
------------------------------------------
🔥 【當日資券篩選名單】
1. 🔥【資券同增：潛在軋空強勢股】(共 0 檔):

2. 🚀【主力點火資】(共 16 檔):
   - 1563 巧新 (收盤: 61.90, 資當日增: +254)
   - 2354 鴻準 (收盤: 57.10, 資當日增: +12)
   - 2374 佳能 (收盤: 67.50, 資當日增: +99)
   - 2382 廣達 (收盤: 328.00, 資當日增: +145)
   - 2421 建準 (收盤: 130.00, 資當日增: +14)
   - 2464 盟立 (收盤: 146.50, 資當日增: +248)
   - 2465 麗臺 (收盤: 80.50, 資當日增: +37)
   - 2476 鉅祥 (收盤: 119.00, 資當日增: +326)
   * ... 尚有 8 檔，詳見 CSV 報表

3. ⚠️【散戶套牢資 / 留意斷頭】(共 19 檔):
   - 1310 台苯 (收盤: 9.96, 資當日增: +9)
   - 1466 聚隆 (收盤: 17.00, 資當日增: +46)
   - 1609 大亞 (收盤: 36.85, 資當日增: +19)
   - 1904 正隆 (收盤: 21.45, 資當日增: +86)
   - 1905 華紙 (收盤: 13.85, 資當日增: +64)
   - 2204 中華 (收盤: 51.80, 資當日增: +26)
   - 2323 中環 (收盤: 10.35, 資當日增: +90)
   - 2331 精英 (收盤: 19.25, 資當日增: +47)
   * ... 尚有 11 檔，詳見 CSV 報表
------------------------------------------
🎯 【T+1 實戰回測驗收對帳單】
📅 回測對象 (T日): 20260708 (T+10 結算數據尚未收齊，暫無回測表現)
------------------------------------------
ℹ️ 本日報表與回測 CSV 檔案已儲存於 `02_Margin_T1_Lab/reports/`
[Telegram] 訊息發送成功 (Part 1/1)

執行結束，所有檔案已完成獨立產出。
Failed to get ticker '4973.TWO' reason: Failed to perform, curl: (6) Could not resolve host: query2.finance.yahoo.com. See https://curl.se/libcurl/c/libcurl-errors.html first for more details.
$6265.TWO: possibly delisted; no price data found  (1d 2026-06-09 -> 2026-07-25)
$4760.TWO: possibly delisted; no price data found  (1d 2026-06-09 -> 2026-07-25)
Failed to get ticker '6259.TWO' reason: Failed to perform, curl: (6) Could not resolve host: query2.finance.yahoo.com. See https://curl.se/libcurl/c/libcurl-errors.html first for more details.
Failed to get ticker '5289.TWO' reason: Failed to perform, curl: (6) getaddrinfo() thread failed to start. See https://curl.se/libcurl/c/libcurl-errors.html first for more details.
$5289.TWO: possibly delisted; no timezone found
Failed to get ticker '6578.TWO' reason: Failed to perform, curl: (6) getaddrinfo() thread failed to start. See https://curl.se/libcurl/c/libcurl-errors.html first for more details.
$6578.TWO: possibly delisted; no timezone found
$1591.TWO: possibly delisted; no price data found  (1d 2026-06-09 -> 2026-07-25)
Failed to get ticker '5523.TWO' reason: Failed to perform, curl: (6) getaddrinfo() thread failed to start. See https://curl.se/libcurl/c/libcurl-errors.html first for more details.
$6690.TWO: possibly delisted; no price data found  (1d 2026-06-09 -> 2026-07-25)
$5523.TWO: possibly delisted; no timezone found
$3479.TWO: possibly delisted; no price data found  (1d 2026-06-09 -> 2026-07-25)
Failed to get ticker '4513.TWO' reason: Failed to perform, curl: (6) getaddrinfo() thread failed to start. See https://curl.se/libcurl/c/libcurl-errors.html first for more details.
$4513.TWO: possibly delisted; no timezone found
Failed to get ticker '4542.TWO' reason: Failed to perform, curl: (6) getaddrinfo() thread failed to start. See https://curl.se/libcurl/c/libcurl-errors.html first for more details.
$4542.TWO: possibly delisted; no timezone found
$5213.TWO: possibly delisted; no price data found  (1d 2026-06-09 -> 2026-07-25)
$3176.TWO: possibly delisted; no price data found  (1d 2026-06-09 -> 2026-07-25)
$4923.TWO: possibly delisted; no price data found  (1d 2026-06-09 -> 2026-07-25)
Failed to get ticker '3360.TWO' reason: Failed to perform, curl: (6) getaddrinfo() thread failed to start. See https://curl.se/libcurl/c/libcurl-errors.html first for more details.
$3360.TWO: possibly delisted; no timezone found
Failed to get ticker '3354.TWO' reason: Failed to perform, curl: (6) getaddrinfo() thread failed to start. See https://curl.se/libcurl/c/libcurl-errors.html first for more details.
$3354.TWO: possibly delisted; no timezone found
$6561.TWO: possibly delisted; no price data found  (1d 2026-06-09 -> 2026-07-25)
$2743.TWO: possibly delisted; no price data found  (1d 2026-06-09 -> 2026-07-25)
$5263.TWO: possibly delisted; no price data found  (1d 2026-06-09 -> 2026-07-25)
Failed to get ticker '4535.TWO' reason: Failed to perform, curl: (6) getaddrinfo() thread failed to start. See https://curl.se/libcurl/c/libcurl-errors.html first for more details.
$4535.TWO: possibly delisted; no timezone found
$3221.TWO: possibly delisted; no price data found  (1d 2026-06-09 -> 2026-07-25)
Failed to get ticker '3390.TWO' reason: Failed to perform, curl: (6) getaddrinfo() thread failed to start. See https://curl.se/libcurl/c/libcurl-errors.html first for more details.
$3390.TWO: possibly delisted; no timezone found
Failed to get ticker '3276.TWO' reason: Failed to perform, curl: (6) Could not resolve host: query2.finance.yahoo.com. See https://curl.se/libcurl/c/libcurl-errors.html first for more details.
$3276.TWO: possibly delisted; no timezone found
$4903.TWO: possibly delisted; no price data found  (1d 2026-06-09 -> 2026-07-25)
$3095.TWO: possibly delisted; no price data found  (1d 2026-06-09 -> 2026-07-25)
Failed to get ticker '3564.TWO' reason: Failed to perform, curl: (6) Could not resolve host: query2.finance.yahoo.com. See https://curl.se/libcurl/c/libcurl-errors.html first for more details.
$3564.TWO: possibly delisted; no timezone found
$3687.TWO: possibly delisted; no price data found  (1d 2026-06-09 -> 2026-07-25)
$3379.TWO: possibly delisted; no price data found  (1d 2026-06-09 -> 2026-07-25)
Failed to get ticker '4127.TWO' reason: Failed to perform, curl: (6) getaddrinfo() thread failed to start. See https://curl.se/libcurl/c/libcurl-errors.html first for more details.
$4127.TWO: possibly delisted; no timezone found
Failed to get ticker '5321.TWO' reason: Failed to perform, curl: (6) getaddrinfo() thread failed to start. See https://curl.se/libcurl/c/libcurl-errors.html first for more details.
$5321.TWO: possibly delisted; no timezone found
$3441.TWO: possibly delisted; no price data found  (1d 2026-06-09 -> 2026-07-25)
$3555.TWO: possibly delisted; no price data found  (1d 2026-06-09 -> 2026-07-25)
Failed to get ticker '6498.TWO' reason: Failed to perform, curl: (6) Could not resolve host: query2.finance.yahoo.com. See https://curl.se/libcurl/c/libcurl-errors.html first for more details.
$6498.TWO: possibly delisted; no timezone found
Failed to get ticker '4966.TWO' reason: Failed to perform, curl: (6) getaddrinfo() thread failed to start. See https://curl.se/libcurl/c/libcurl-errors.html first for more details.
$4966.TWO: possibly delisted; no timezone found
$5011.TWO: possibly delisted; no price data found  (1d 2026-06-09 -> 2026-07-25)
$6187.TWO: possibly delisted; no price data found  (1d 2026-06-09 -> 2026-07-25)
Failed to get ticker '3284.TWO' reason: Failed to perform, curl: (6) getaddrinfo() thread failed to start. See https://curl.se/libcurl/c/libcurl-errors.html first for more details.
$3284.TWO: possibly delisted; no timezone found
$3217.TWO: possibly delisted; no price data found  (1d 2026-06-09 -> 2026-07-25)
$6101.TWO: possibly delisted; no price data found  (1d 2026-06-09 -> 2026-07-25)
$3147.TWO: possibly delisted; no price data found  (1d 2026-06-09 -> 2026-07-25)
$3693.TWO: possibly delisted; no price data found  (1d 2026-06-09 -> 2026-07-25)
Failed to get ticker '3219.TWO' reason: Failed to perform, curl: (6) getaddrinfo() thread failed to start. See https://curl.se/libcurl/c/libcurl-errors.html first for more details.
$3219.TWO: possibly delisted; no timezone found
$5291.TWO: possibly delisted; no price data found  (1d 2026-06-09 -> 2026-07-25)
$6547.TWO: possibly delisted; no price data found  (1d 2026-06-09 -> 2026-07-25)
Failed to get ticker '2736.TWO' reason: Failed to perform, curl: (6) Could not resolve host: query2.finance.yahoo.com. See https://curl.se/libcurl/c/libcurl-errors.html first for more details.
$2736.TWO: possibly delisted; no timezone found
$4153.TWO: possibly delisted; no price data found  (1d 2026-06-09 -> 2026-07-25)
$6245.TWO: possibly delisted; no price data found  (1d 2026-06-09 -> 2026-07-25)
$3163.TWO: possibly delisted; no price data found  (1d 2026-06-09 -> 2026-07-25)
Failed to get ticker '5274.TWO' reason: Failed to perform, curl: (77) error setting certificate verify locations:  CAfile: /Users/chenyinyi/miniconda3/ssl/cert.pem CApath: none. See https://curl.se/libcurl/c/libcurl-errors.html first for more details.
$5274.TWO: possibly delisted; no timezone found
Failed to get ticker '3224.TWO' reason: Failed to perform, curl: (6) getaddrinfo() thread failed to start. See https://curl.se/libcurl/c/libcurl-errors.html first for more details.
$3224.TWO: possibly delisted; no timezone found
$5488.TWO: possibly delisted; no price data found  (1d 2026-06-09 -> 2026-07-25)
Failed to get ticker '6509.TWO' reason: Failed to perform, curl: (6) Could not resolve host: query2.finance.yahoo.com. See https://curl.se/libcurl/c/libcurl-errors.html first for more details.
$6509.TWO: possibly delisted; no timezone found
Failed to get ticker '6527.TWO' reason: Failed to perform, curl: (6) getaddrinfo() thread failed to start. See https://curl.se/libcurl/c/libcurl-errors.html first for more details.
$6527.TWO: possibly delisted; no timezone found
$4538.TWO: possibly delisted; no price data found  (1d 2026-06-09 -> 2026-07-25)
$1295.TWO: possibly delisted; no price data found  (1d 2026-06-09 -> 2026-07-25)
Failed to get ticker '3260.TWO' reason: Failed to perform, curl: (6) getaddrinfo() thread failed to start. See https://curl.se/libcurl/c/libcurl-errors.html first for more details.
$3260.TWO: possibly delisted; no timezone found
$3541.TWO: possibly delisted; no price data found  (1d 2026-06-09 -> 2026-07-25)
$4543.TWO: possibly delisted; no price data found  (1d 2026-06-09 -> 2026-07-25)
$3511.TWO: possibly delisted; no price data found  (1d 2026-06-09 -> 2026-07-25)
$4743.TWO: possibly delisted; no price data found  (1d 2026-06-09 -> 2026-07-25)
Failed to get ticker '6821.TWO' reason: Failed to perform, curl: (6) Could not resolve host: query2.finance.yahoo.com. See https://curl.se/libcurl/c/libcurl-errors.html first for more details.
$6716.TWO: possibly delisted; no price data found  (1d 2026-06-09 -> 2026-07-25)
$6821.TWO: possibly delisted; no timezone found
$6148.TWO: possibly delisted; no price data found  (1d 2026-06-09 -> 2026-07-25)
Failed to get ticker '5902.TWO' reason: Failed to perform, curl: (6) getaddrinfo() thread failed to start. See https://curl.se/libcurl/c/libcurl-errors.html first for more details.
$5902.TWO: possibly delisted; no timezone found
Failed to get ticker '3114.TWO' reason: Failed to perform, curl: (6) getaddrinfo() thread failed to start. See https://curl.se/libcurl/c/libcurl-errors.html first for more details.
$3114.TWO: possibly delisted; no timezone found

136 Failed downloads:
['4973.TWO']: DNSError('Failed to perform, curl: (6) getaddrinfo() thread failed to start. See https://curl.se/libcurl/c/libcurl-errors.html first for more details.')
['6265.TWO', '4760.TWO', '1591.TWO', '6690.TWO', '3479.TWO', '5213.TWO', '3176.TWO', '4923.TWO', '6561.TWO', '2743.TWO', '5263.TWO', '3221.TWO', '4903.TWO', '3095.TWO', '3687.TWO', '3379.TWO', '3441.TWO', '3555.TWO', '5011.TWO', '6187.TWO', '3217.TWO', '6101.TWO', '3147.TWO', '3693.TWO', '5291.TWO', '6547.TWO', '4153.TWO', '6245.TWO', '3163.TWO', '5488.TWO', '4538.TWO', '1295.TWO', '3541.TWO', '4543.TWO', '3511.TWO', '4743.TWO', '6716.TWO', '6148.TWO']: possibly delisted; no price data found  (1d 2026-06-09 -> 2026-07-25)
['1586.TWO', '4120.TWO', '3131.TWO', '6023.TWO', '5312.TWO', '3516.TWO', '2066.TWO', '6425.TWO', '2061.TWO', '3623.TWO', '6804.TWO', '6546.TWO', '6190.TWO', '2230.TWO', '4716.TWO', '6637.TWO', '6291.TWO', '6158.TWO', '4528.TWO', '4417.TWO', '4563.TWO', '5490.TWO', '6651.TWO', '3498.TWO', '4157.TWO', '1742.TWO', '4541.TWO', '6465.TWO', '6640.TWO', '3285.TWO', '3323.TWO', '6530.TWO', '3689.TWO', '6725.TWO', '4147.TWO', '4138.TWO', '5450.TWO', '6208.TWO', '5457.TWO', '3402.TWO', '4951.TWO', '6684.TWO', '3587.TWO', '3128.TWO', '3081.TWO', '3430.TWO', '4735.TWO', '3230.TWO', '3310.TWO', '4561.TWO', '3631.TWO', '5481.TWO', '6021.TWO', '3527.TWO', '3540.TWO', '5210.TWO', '5452.TWO', '5287.TWO', '3141.TWO', '5272.TWO', '3272.TWO', '3169.TWO', '4707.TWO', '4907.TWO', '6270.TWO', '3066.TWO', '3207.TWO', '4113.TWO', '6199.TWO', '3529.TWO']: OperationalError('unable to open database file')
['6259.TWO']: DNSError('Failed to perform, curl: (6) Could not resolve host: query2.finance.yahoo.com. See https://curl.se/libcurl/c/libcurl-errors.html first for more details.')
['5289.TWO', '6578.TWO', '5523.TWO', '4513.TWO', '4542.TWO', '3360.TWO', '3354.TWO', '4535.TWO', '3390.TWO', '3276.TWO', '3564.TWO', '4127.TWO', '5321.TWO', '6498.TWO', '4966.TWO', '3284.TWO', '3219.TWO', '2736.TWO', '5274.TWO', '3224.TWO', '6509.TWO', '6527.TWO', '3260.TWO', '6821.TWO', '5902.TWO', '3114.TWO']: possibly delisted; no timezone found
Failed to get ticker '8431.TWO' reason: Failed to perform, curl: (6) getaddrinfo() thread failed to start. See https://curl.se/libcurl/c/libcurl-errors.html first for more details.
$8431.TWO: possibly delisted; no timezone found
$8048.TWO: possibly delisted; no price data found  (1d 2026-06-09 -> 2026-07-25)
Failed to get ticker '6953.TWO' reason: Failed to perform, curl: (6) getaddrinfo() thread failed to start. See https://curl.se/libcurl/c/libcurl-errors.html first for more details.
$6953.TWO: possibly delisted; no timezone found
$7777.TWO: possibly delisted; no price data found  (1d 2026-06-09 -> 2026-07-25)
Failed to get ticker '8383.TWO' reason: Failed to perform, curl: (77) error setting certificate verify locations:  CAfile: /Users/chenyinyi/miniconda3/ssl/cert.pem CApath: none. See https://curl.se/libcurl/c/libcurl-errors.html first for more details.
$8383.TWO: possibly delisted; no timezone found
$8299.TWO: possibly delisted; no price data found  (1d 2026-06-09 -> 2026-07-25)
$6894.TWO: possibly delisted; no price data found  (1d 2026-06-09 -> 2026-07-25)
Failed to get ticker '8171.TWO' reason: Failed to perform, curl: (6) Could not resolve host: query2.finance.yahoo.com. See https://curl.se/libcurl/c/libcurl-errors.html first for more details.
$8171.TWO: possibly delisted; no timezone found
Failed to get ticker '6996.TWO' reason: Failed to perform, curl: (6) Could not resolve host: query2.finance.yahoo.com. See https://curl.se/libcurl/c/libcurl-errors.html first for more details.
$6996.TWO: possibly delisted; no timezone found
Failed to get ticker '8415.TWO' reason: Failed to perform, curl: (6) Could not resolve host: query2.finance.yahoo.com. See https://curl.se/libcurl/c/libcurl-errors.html first for more details.
$8415.TWO: possibly delisted; no timezone found
$6870.TWO: possibly delisted; no price data found  (1d 2026-06-09 -> 2026-07-25)
Failed to get ticker '8074.TWO' reason: Failed to perform, curl: (6) getaddrinfo() thread failed to start. See https://curl.se/libcurl/c/libcurl-errors.html first for more details.
$8074.TWO: possibly delisted; no timezone found
Failed to get ticker '8102.TWO' reason: Failed to perform, curl: (6) Could not resolve host: query2.finance.yahoo.com. See https://curl.se/libcurl/c/libcurl-errors.html first for more details.
$8102.TWO: possibly delisted; no timezone found
$8432.TWO: possibly delisted; no price data found  (1d 2026-06-09 -> 2026-07-25)
Failed to get ticker '8069.TWO' reason: Failed to perform, curl: (6) getaddrinfo() thread failed to start. See https://curl.se/libcurl/c/libcurl-errors.html first for more details.
$8069.TWO: possibly delisted; no timezone found
Failed to get ticker '6913.TWO' reason: Failed to perform, curl: (6) Could not resolve host: query2.finance.yahoo.com. See https://curl.se/libcurl/c/libcurl-errors.html first for more details.
$6913.TWO: possibly delisted; no timezone found
$7547.TWO: possibly delisted; no price data found  (1d 2026-06-09 -> 2026-07-25)
Failed to get ticker '6925.TWO' reason: Failed to perform, curl: (6) getaddrinfo() thread failed to start. See https://curl.se/libcurl/c/libcurl-errors.html first for more details.
$6925.TWO: possibly delisted; no timezone found
$6967.TWO: possibly delisted; no price data found  (1d 2026-06-09 -> 2026-07-25)
Failed to get ticker '8097.TWO' reason: Failed to perform, curl: (77) error setting certificate verify locations:  CAfile: /Users/chenyinyi/miniconda3/ssl/cert.pem CApath: none. See https://curl.se/libcurl/c/libcurl-errors.html first for more details.
$8097.TWO: possibly delisted; no timezone found
$8111.TWO: possibly delisted; no price data found  (1d 2026-06-09 -> 2026-07-25)

47 Failed downloads:
['8431.TWO', '6953.TWO', '8383.TWO', '8171.TWO', '6996.TWO', '8415.TWO', '8074.TWO', '8102.TWO', '8069.TWO', '6913.TWO', '6925.TWO', '8097.TWO']: possibly delisted; no timezone found
['8048.TWO', '7777.TWO', '8299.TWO', '6894.TWO', '6870.TWO', '8432.TWO', '7547.TWO', '6967.TWO', '8111.TWO']: possibly delisted; no price data found  (1d 2026-06-09 -> 2026-07-25)
['8086.TWO', '6877.TWO', '7744.TWO', '8354.TWO', '6922.TWO', '7402.TWO', '8155.TWO', '7734.TWO', '7723.TWO', '8088.TWO', '8924.TWO', '8931.TWO', '8932.TWO', '8076.TWO', '8942.TWO', '8099.TWO', '8182.TWO', '8437.TWO', '8401.TWO', '8049.TWO', '8107.TWO', '6829.TWO', '7810.TWO', '8050.TWO', '9949.TWO', '8289.TWO']: OperationalError('unable to open database file')
[yfinance] 快取位置已重新導向至: /Users/chenyinyi/Documents/antigravity/台股資料/02_Margin_T1_Lab/.cache
=========================================================================
啟動：台股資券籌碼爬蟲與 T+1 實戰回測工具 (02_Margin_T1_Lab)
=========================================================================
正在下載台股歷史日曆...
正在下載最新的台股上市與上櫃股票清單...
獲取 TSE 股票清單失敗: HTTPSConnectionPool(host='isin.twse.com.tw', port=443): Read timed out. (read timeout=30)
共取得 891 檔普通股
正在檢查 20260724 的官方信用交易資料是否已發布...
  ➔ 已偵測到最新公布資料日期: 20260724

【籌碼分析日】: 20260724 (T日)
  正在獲取資券歷史數據: 20260721, 20260722, 20260723, 20260724...
  資券爬取完成，開始進行籌碼變化過濾與計算...
  符合資券增加的候選股共 250 檔，開始下載技術面股價驗證...
  正在下載第 1/2 批股價數據 (共 200 檔, 區間 2026-06-09 ~ 2026-07-25)...
  正在下載第 2/2 批股價數據 (共 50 檔, 區間 2026-06-09 ~ 2026-07-25)...
  篩選完成！報告已儲存至 /Users/chenyinyi/Documents/antigravity/台股資料/02_Margin_T1_Lab/reports/margin_scan_20260724.csv，符合篩選個股共 14 檔

【開始進行 T+1 實戰回測驗收】
  回測對象 (T日): 20260708
  實戰交易時程:
    ➔ T+1 進場成本日: 20260709
    ➔ T+5 結算日: 20260715
    ➔ T+10 結算日: 20260722
[警告] 執行回測驗收時發生錯誤: No columns to parse from file

【產出報告預覽】
📊 【台股獨立資券籌碼診斷 & T+1 回測報告】
📅 籌碼分析日 (T日)：2026/07/24
------------------------------------------
🔥 【當日資券篩選名單】
1. 🔥【資券同增：潛在軋空強勢股】(共 0 檔):

2. 🚀【主力點火資】(共 4 檔):
   - 3211 順達 (收盤: 382.00, 資當日增: +20)
   - 3363 上詮 (收盤: 582.00, 資當日增: +80)
   - 4908 前鼎 (收盤: 140.50, 資當日增: +62)
   - 5386 青雲 (收盤: 254.50, 資當日增: +43)

3. ⚠️【散戶套牢資 / 留意斷頭】(共 9 檔):
   - 3264 欣銓 (收盤: 209.50, 資當日增: +39)
   - 3317 尼克森 (收盤: 75.70, 資當日增: +50)
   - 3455 由田 (收盤: 188.00, 資當日增: +12)
   - 5392 能率 (收盤: 41.50, 資當日增: +1)
   - 6015 宏遠證 (收盤: 16.20, 資當日增: +21)
   - 6147 頎邦 (收盤: 158.00, 資當日增: +728)
   - 6432 今展科 (收盤: 70.00, 資當日增: +1)
   - 6538 倉和 (收盤: 133.50, 資當日增: +230)
   * ... 尚有 1 檔，詳見 CSV 報表
------------------------------------------
🎯 【T+1 實戰回測驗收對帳單】
📅 回測對象 (T日): 20260708 (T+10 結算數據尚未收齊，暫無回測表現)
------------------------------------------
ℹ️ 本日報表與回測 CSV 檔案已儲存於 `02_Margin_T1_Lab/reports/`
[Telegram] 訊息發送成功 (Part 1/1)

執行結束，所有檔案已完成獨立產出。
$3272.TWO: possibly delisted; no price data found  (1d 2026-06-12 -> 2026-07-28)
Failed to get ticker '3492.TWO' reason: Failed to perform, curl: (6) getaddrinfo() thread failed to start. See https://curl.se/libcurl/c/libcurl-errors.html first for more details.
$4166.TWO: possibly delisted; no price data found  (1d 2026-06-12 -> 2026-07-28)
Failed to get ticker '3498.TWO' reason: Failed to perform, curl: (6) Could not resolve host: query2.finance.yahoo.com. See https://curl.se/libcurl/c/libcurl-errors.html first for more details.
$4946.TWO: possibly delisted; no price data found  (1d 2026-06-12 -> 2026-07-28)
$2718.TWO: possibly delisted; no price data found  (1d 2026-06-12 -> 2026-07-28)
Failed to get ticker '4556.TWO' reason: Failed to perform, curl: (6) getaddrinfo() thread failed to start. See https://curl.se/libcurl/c/libcurl-errors.html first for more details.
$4556.TWO: possibly delisted; no timezone found
$3176.TWO: possibly delisted; no price data found  (1d 2026-06-12 -> 2026-07-28)
Failed to get ticker '5474.TWO' reason: Failed to perform, curl: (6) getaddrinfo() thread failed to start. See https://curl.se/libcurl/c/libcurl-errors.html first for more details.
$5474.TWO: possibly delisted; no timezone found
Failed to get ticker '5274.TWO' reason: Failed to perform, curl: (6) getaddrinfo() thread failed to start. See https://curl.se/libcurl/c/libcurl-errors.html first for more details.
$5274.TWO: possibly delisted; no timezone found
$3570.TWO: possibly delisted; no price data found  (1d 2026-06-12 -> 2026-07-28)
Failed to get ticker '2736.TWO' reason: Failed to perform, curl: (6) Could not resolve host: query2.finance.yahoo.com. See https://curl.se/libcurl/c/libcurl-errors.html first for more details.
$2736.TWO: possibly delisted; no timezone found
$4129.TWO: possibly delisted; no price data found  (1d 2026-06-12 -> 2026-07-28)
Failed to get ticker '5321.TWO' reason: Failed to perform, curl: (6) getaddrinfo() thread failed to start. See https://curl.se/libcurl/c/libcurl-errors.html first for more details.
$5321.TWO: possibly delisted; no timezone found
$3268.TWO: possibly delisted; no price data found  (1d 2026-06-12 -> 2026-07-28)
Failed to get ticker '3178.TWO' reason: Failed to perform, curl: (6) getaddrinfo() thread failed to start. See https://curl.se/libcurl/c/libcurl-errors.html first for more details.
$3178.TWO: possibly delisted; no timezone found
$3687.TWO: possibly delisted; no price data found  (1d 2026-06-12 -> 2026-07-28)
$3081.TWO: possibly delisted; no price data found  (1d 2026-06-12 -> 2026-07-28)
$3221.TWO: possibly delisted; no price data found  (1d 2026-06-12 -> 2026-07-28)
$5009.TWO: possibly delisted; no price data found  (1d 2026-06-12 -> 2026-07-28)
$5530.TWO: possibly delisted; no price data found  (1d 2026-06-12 -> 2026-07-28)
Failed to get ticker '4721.TWO' reason: Failed to perform, curl: (6) Could not resolve host: query2.finance.yahoo.com. See https://curl.se/libcurl/c/libcurl-errors.html first for more details.
$4721.TWO: possibly delisted; no timezone found
$3558.TWO: possibly delisted; no price data found  (1d 2026-06-12 -> 2026-07-28)
$6190.TWO: possibly delisted; no price data found  (1d 2026-06-12 -> 2026-07-28)
$3218.TWO: possibly delisted; no price data found  (1d 2026-06-12 -> 2026-07-28)
$6023.TWO: possibly delisted; no price data found  (1d 2026-06-12 -> 2026-07-28)
Failed to get ticker '2745.TWO' reason: Failed to perform, curl: (6) getaddrinfo() thread failed to start. See https://curl.se/libcurl/c/libcurl-errors.html first for more details.
$2745.TWO: possibly delisted; no timezone found
$5328.TWO: possibly delisted; no price data found  (1d 2026-06-12 -> 2026-07-28)
Failed to get ticker '1777.TWO' reason: Failed to perform, curl: (6) Could not resolve host: query2.finance.yahoo.com. See https://curl.se/libcurl/c/libcurl-errors.html first for more details.
$1777.TWO: possibly delisted; no timezone found
Failed to get ticker '3213.TWO' reason: Failed to perform, curl: (6) Could not resolve host: query2.finance.yahoo.com. See https://curl.se/libcurl/c/libcurl-errors.html first for more details.
$3213.TWO: possibly delisted; no timezone found
$3141.TWO: possibly delisted; no price data found  (1d 2026-06-12 -> 2026-07-28)
Failed to get ticker '5529.TWO' reason: Failed to perform, curl: (6) getaddrinfo() thread failed to start. See https://curl.se/libcurl/c/libcurl-errors.html first for more details.
$6279.TWO: possibly delisted; no price data found  (1d 2026-06-12 -> 2026-07-28)
$5529.TWO: possibly delisted; no timezone found
Failed to get ticker '3438.TWO' reason: Failed to perform, curl: (6) getaddrinfo() thread failed to start. See https://curl.se/libcurl/c/libcurl-errors.html first for more details.
$3438.TWO: possibly delisted; no timezone found
Failed to get ticker '5206.TWO' reason: Failed to perform, curl: (77) error setting certificate verify locations:  CAfile: /Users/chenyinyi/miniconda3/ssl/cert.pem CApath: none. See https://curl.se/libcurl/c/libcurl-errors.html first for more details.
$5206.TWO: possibly delisted; no timezone found
Failed to get ticker '1570.TWO' reason: Failed to perform, curl: (77) error setting certificate verify locations:  CAfile: /Users/chenyinyi/miniconda3/ssl/cert.pem CApath: none. See https://curl.se/libcurl/c/libcurl-errors.html first for more details.
$1570.TWO: possibly delisted; no timezone found
$3521.TWO: possibly delisted; no price data found  (1d 2026-06-12 -> 2026-07-28)
$3555.TWO: possibly delisted; no price data found  (1d 2026-06-12 -> 2026-07-28)
$6229.TWO: possibly delisted; no price data found  (1d 2026-06-12 -> 2026-07-28)
$6021.TWO: possibly delisted; no price data found  (1d 2026-06-12 -> 2026-07-28)
$6187.TWO: possibly delisted; no price data found  (1d 2026-06-12 -> 2026-07-28)
$3630.TWO: possibly delisted; no price data found  (1d 2026-06-12 -> 2026-07-28)
$6465.TWO: possibly delisted; no price data found  (1d 2026-06-12 -> 2026-07-28)
$6194.TWO: possibly delisted; no price data found  (1d 2026-06-12 -> 2026-07-28)

106 Failed downloads:
['3272.TWO', '4166.TWO', '4946.TWO', '2718.TWO', '3176.TWO', '3570.TWO', '4129.TWO', '3268.TWO', '3687.TWO', '3081.TWO', '3221.TWO', '5009.TWO', '5530.TWO', '3558.TWO', '6190.TWO', '3218.TWO', '6023.TWO', '5328.TWO', '3141.TWO', '6279.TWO', '3521.TWO', '3555.TWO', '6229.TWO', '6021.TWO', '6187.TWO', '3630.TWO', '6465.TWO', '6194.TWO']: possibly delisted; no price data found  (1d 2026-06-12 -> 2026-07-28)
['2640.TWO', '6462.TWO', '6158.TWO', '2719.TWO', '6203.TWO', '1742.TWO', '6154.TWO', '3551.TWO', '4716.TWO', '6530.TWO', '5386.TWO', '5902.TWO', '1586.TWO', '4772.TWO', '4979.TWO', '3512.TWO', '6532.TWO', '5353.TWO', '4707.TWO', '4747.TWO', '5490.TWO', '3131.TWO', '4966.TWO', '4126.TWO', '5536.TWO', '6486.TWO', '4420.TWO', '6020.TWO', '6234.TWO', '6496.TWO', '4416.TWO', '3332.TWO', '6111.TWO', '6266.TWO', '5210.TWO', '5351.TWO', '3546.TWO', '4413.TWO', '6542.TWO', '3285.TWO', '6148.TWO', '4174.TWO', '3564.TWO', '3323.TWO', '2066.TWO', '6547.TWO', '6218.TWO', '4745.TWO', '3362.TWO', '6101.TWO', '3430.TWO', '3689.TWO', '5464.TWO', '6578.TWO', '3095.TWO', '6127.TWO', '3709.TWO', '4991.TWO', '3219.TWO', '5904.TWO', '2734.TWO', '3624.TWO']: OperationalError('unable to open database file')
['3492.TWO', '3498.TWO']: DNSError('Failed to perform, curl: (6) getaddrinfo() thread failed to start. See https://curl.se/libcurl/c/libcurl-errors.html first for more details.')
['4556.TWO', '5474.TWO', '5274.TWO', '2736.TWO', '5321.TWO', '3178.TWO', '4721.TWO', '2745.TWO', '1777.TWO', '3213.TWO', '5529.TWO', '3438.TWO', '5206.TWO', '1570.TWO']: possibly delisted; no timezone found
Failed to get ticker '8415.TWO' reason: Failed to perform, curl: (6) getaddrinfo() thread failed to start. See https://curl.se/libcurl/c/libcurl-errors.html first for more details.
$8415.TWO: possibly delisted; no timezone found
$8111.TWO: possibly delisted; no price data found  (1d 2026-06-12 -> 2026-07-28)
$6720.TWO: possibly delisted; no price data found  (1d 2026-06-12 -> 2026-07-28)
$6588.TWO: possibly delisted; no price data found  (1d 2026-06-12 -> 2026-07-28)
$8446.TWO: possibly delisted; no price data found  (1d 2026-06-12 -> 2026-07-28)
Failed to get ticker '6925.TWO' reason: Failed to perform, curl: (6) getaddrinfo() thread failed to start. See https://curl.se/libcurl/c/libcurl-errors.html first for more details.
$6925.TWO: possibly delisted; no timezone found
$6654.TWO: possibly delisted; no price data found  (1d 2026-06-12 -> 2026-07-28)
Failed to get ticker '8227.TWO' reason: Failed to perform, curl: (77) error setting certificate verify locations:  CAfile: /Users/chenyinyi/miniconda3/ssl/cert.pem CApath: none. See https://curl.se/libcurl/c/libcurl-errors.html first for more details.
$8227.TWO: possibly delisted; no timezone found
$6603.TWO: possibly delisted; no price data found  (1d 2026-06-12 -> 2026-07-28)
$8086.TWO: possibly delisted; no price data found  (1d 2026-06-12 -> 2026-07-28)
$7547.TWO: possibly delisted; no price data found  (1d 2026-06-12 -> 2026-07-28)
$8234.TWO: possibly delisted; no price data found  (1d 2026-06-12 -> 2026-07-28)
$8107.TWO: possibly delisted; no price data found  (1d 2026-06-12 -> 2026-07-28)
Failed to get ticker '6910.TWO' reason: Failed to perform, curl: (6) getaddrinfo() thread failed to start. See https://curl.se/libcurl/c/libcurl-errors.html first for more details.
$6910.TWO: possibly delisted; no timezone found
Failed to get ticker '8066.TWO' reason: Failed to perform, curl: (6) getaddrinfo() thread failed to start. See https://curl.se/libcurl/c/libcurl-errors.html first for more details.
Failed to get ticker '7810.TWO' reason: Failed to perform, curl: (77) error setting certificate verify locations:  CAfile: /Users/chenyinyi/miniconda3/ssl/cert.pem CApath: none. See https://curl.se/libcurl/c/libcurl-errors.html first for more details.
$8066.TWO: possibly delisted; no timezone found
$7810.TWO: possibly delisted; no timezone found
Failed to get ticker '8938.TWO' reason: Failed to perform, curl: (6) getaddrinfo() thread failed to start. See https://curl.se/libcurl/c/libcurl-errors.html first for more details.
Failed to get ticker '6612.TWO' reason: Failed to perform, curl: (6) Could not resolve host: query2.finance.yahoo.com. See https://curl.se/libcurl/c/libcurl-errors.html first for more details.
$8938.TWO: possibly delisted; no timezone found
$6612.TWO: possibly delisted; no timezone found
$6791.TWO: possibly delisted; no price data found  (1d 2026-06-12 -> 2026-07-28)
$6870.TWO: possibly delisted; no price data found  (1d 2026-06-12 -> 2026-07-28)
Failed to get ticker '6859.TWO' reason: Failed to perform, curl: (77) error setting certificate verify locations:  CAfile: /Users/chenyinyi/miniconda3/ssl/cert.pem CApath: none. See https://curl.se/libcurl/c/libcurl-errors.html first for more details.
$6859.TWO: possibly delisted; no timezone found
Failed to get ticker '7718.TWO' reason: Failed to perform, curl: (6) getaddrinfo() thread failed to start. See https://curl.se/libcurl/c/libcurl-errors.html first for more details.
$7718.TWO: possibly delisted; no timezone found
Failed to get ticker '7744.TWO' reason: Failed to perform, curl: (6) getaddrinfo() thread failed to start. See https://curl.se/libcurl/c/libcurl-errors.html first for more details.
$7744.TWO: possibly delisted; no timezone found
Failed to get ticker '9960.TWO' reason: Failed to perform, curl: (6) getaddrinfo() thread failed to start. See https://curl.se/libcurl/c/libcurl-errors.html first for more details.
$9960.TWO: possibly delisted; no timezone found
$6637.TWO: possibly delisted; no price data found  (1d 2026-06-12 -> 2026-07-28)
Failed to get ticker '8279.TWO' reason: Failed to perform, curl: (6) getaddrinfo() thread failed to start. See https://curl.se/libcurl/c/libcurl-errors.html first for more details.
$8279.TWO: possibly delisted; no timezone found
Failed to get ticker '8936.TWO' reason: Failed to perform, curl: (77) error setting certificate verify locations:  CAfile: /Users/chenyinyi/miniconda3/ssl/cert.pem CApath: none. See https://curl.se/libcurl/c/libcurl-errors.html first for more details.
$8936.TWO: possibly delisted; no timezone found
$8932.TWO: possibly delisted; no price data found  (1d 2026-06-12 -> 2026-07-28)

64 Failed downloads:
['8415.TWO', '6925.TWO', '8227.TWO', '6910.TWO', '8066.TWO', '7810.TWO', '8938.TWO', '6612.TWO', '6859.TWO', '7718.TWO', '7744.TWO', '9960.TWO', '8279.TWO', '8936.TWO']: possibly delisted; no timezone found
['8111.TWO', '6720.TWO', '6588.TWO', '8446.TWO', '6654.TWO', '6603.TWO', '8086.TWO', '7547.TWO', '8234.TWO', '8107.TWO', '6791.TWO', '6870.TWO', '6637.TWO', '8932.TWO']: possibly delisted; no price data found  (1d 2026-06-12 -> 2026-07-28)
['6903.TWO', '6642.TWO', '7712.TWO', '6593.TWO', '7777.TWO', '8032.TWO', '7723.TWO', '8069.TWO', '8942.TWO', '6811.TWO', '7704.TWO', '8054.TWO', '6609.TWO', '6617.TWO', '9949.TWO', '8099.TWO', '6620.TWO', '8354.TWO', '8048.TWO', '9951.TWO', '6684.TWO', '8050.TWO', '6804.TWO', '8432.TWO', '8931.TWO', '6664.TWO', '6725.TWO', '8076.TWO', '8431.TWO', '8403.TWO', '8147.TWO', '8043.TWO', '6741.TWO', '6913.TWO', '8182.TWO', '8390.TWO']: OperationalError('unable to open database file')
Failed to get ticker '3675.TWO' reason: Failed to perform, curl: (6) getaddrinfo() thread failed to start. See https://curl.se/libcurl/c/libcurl-errors.html first for more details.
$3675.TWO: possibly delisted; no timezone found
$5498.TWO: possibly delisted; no price data found  (1d 2026-05-25 -> 2026-07-10)
Failed to get ticker '2064.TWO' reason: Failed to perform, curl: (6) getaddrinfo() thread failed to start. See https://curl.se/libcurl/c/libcurl-errors.html first for more details.
$2064.TWO: possibly delisted; no timezone found
Failed to get ticker '4706.TWO' reason: Failed to perform, curl: (6) getaddrinfo() thread failed to start. See https://curl.se/libcurl/c/libcurl-errors.html first for more details.
$4706.TWO: possibly delisted; no timezone found
$6138.TWO: possibly delisted; no price data found  (1d 2026-05-25 -> 2026-07-10)
$4113.TWO: possibly delisted; no price data found  (1d 2026-05-25 -> 2026-07-10)
$5488.TWO: possibly delisted; no price data found  (1d 2026-05-25 -> 2026-07-10)
$3379.TWO: possibly delisted; no price data found  (1d 2026-05-25 -> 2026-07-10)
Failed to get ticker '4714.TWO' reason: Failed to perform, curl: (6) Could not resolve host: query2.finance.yahoo.com. See https://curl.se/libcurl/c/libcurl-errors.html first for more details.
$4714.TWO: possibly delisted; no timezone found
$5228.TWO: possibly delisted; no price data found  (1d 2026-05-25 -> 2026-07-10)
$1796.TWO: possibly delisted; no price data found  (1d 2026-05-25 -> 2026-07-10)
$4128.TWO: possibly delisted; no price data found  (1d 2026-05-25 -> 2026-07-10)
Failed to get ticker '4417.TWO' reason: Failed to perform, curl: (6) Could not resolve host: query2.finance.yahoo.com. See https://curl.se/libcurl/c/libcurl-errors.html first for more details.
Failed to get ticker '3294.TWO' reason: Failed to perform, curl: (6) Could not resolve host: query2.finance.yahoo.com. See https://curl.se/libcurl/c/libcurl-errors.html first for more details.
$4417.TWO: possibly delisted; no timezone found
$3294.TWO: possibly delisted; no timezone found
$6185.TWO: possibly delisted; no price data found  (1d 2026-05-25 -> 2026-07-10)
$3264.TWO: possibly delisted; no price data found  (1d 2026-05-25 -> 2026-07-10)
Failed to get ticker '4111.TWO' reason: Failed to perform, curl: (6) getaddrinfo() thread failed to start. See https://curl.se/libcurl/c/libcurl-errors.html first for more details.
$4111.TWO: possibly delisted; no timezone found
Failed to get ticker '3276.TWO' reason: Failed to perform, curl: (6) getaddrinfo() thread failed to start. See https://curl.se/libcurl/c/libcurl-errors.html first for more details.
$3276.TWO: possibly delisted; no timezone found
$4995.TWO: possibly delisted; no price data found  (1d 2026-05-25 -> 2026-07-10)
$4702.TWO: possibly delisted; no price data found  (1d 2026-05-25 -> 2026-07-10)
$3373.TWO: possibly delisted; no price data found  (1d 2026-05-25 -> 2026-07-10)
$2732.TWO: possibly delisted; no price data found  (1d 2026-05-25 -> 2026-07-10)
Failed to get ticker '3434.TWO' reason: Failed to perform, curl: (6) Could not resolve host: query2.finance.yahoo.com. See https://curl.se/libcurl/c/libcurl-errors.html first for more details.
$3434.TWO: possibly delisted; no timezone found
$4503.TWO: possibly delisted; no price data found  (1d 2026-05-25 -> 2026-07-10)
$6147.TWO: possibly delisted; no price data found  (1d 2026-05-25 -> 2026-07-10)
Failed to get ticker '6240.TWO' reason: Failed to perform, curl: (6) getaddrinfo() thread failed to start. See https://curl.se/libcurl/c/libcurl-errors.html first for more details.
$6240.TWO: possibly delisted; no timezone found
Failed to get ticker '3707.TWO' reason: Failed to perform, curl: (6) getaddrinfo() thread failed to start. See https://curl.se/libcurl/c/libcurl-errors.html first for more details.
$3707.TWO: possibly delisted; no timezone found
$6150.TWO: possibly delisted; no price data found  (1d 2026-05-25 -> 2026-07-10)
$3324.TWO: possibly delisted; no price data found  (1d 2026-05-25 -> 2026-07-10)
$5457.TWO: possibly delisted; no price data found  (1d 2026-05-25 -> 2026-07-10)
$3357.TWO: possibly delisted; no price data found  (1d 2026-05-25 -> 2026-07-10)
$4543.TWO: possibly delisted; no price data found  (1d 2026-05-25 -> 2026-07-10)
Failed to get ticker '3691.TWO' reason: Failed to perform, curl: (77) error setting certificate verify locations:  CAfile: /Users/chenyinyi/miniconda3/ssl/cert.pem CApath: none. See https://curl.se/libcurl/c/libcurl-errors.html first for more details.
$3217.TWO: possibly delisted; no price data found  (1d 2026-05-25 -> 2026-07-10)
$3691.TWO: possibly delisted; no timezone found
$6179.TWO: possibly delisted; no price data found  (1d 2026-05-25 -> 2026-07-10)
$3360.TWO: possibly delisted; no price data found  (1d 2026-05-25 -> 2026-07-10)
$2221.TWO: possibly delisted; no price data found  (1d 2026-05-25 -> 2026-07-10)
Failed to get ticker '4749.TWO' reason: Failed to perform, curl: (6) Could not resolve host: query2.finance.yahoo.com. See https://curl.se/libcurl/c/libcurl-errors.html first for more details.
$4749.TWO: possibly delisted; no timezone found
$6026.TWO: possibly delisted; no price data found  (1d 2026-05-25 -> 2026-07-10)
Failed to get ticker '5410.TWO' reason: Failed to perform, curl: (6) getaddrinfo() thread failed to start. See https://curl.se/libcurl/c/libcurl-errors.html first for more details.
$5410.TWO: possibly delisted; no timezone found
$3236.TWO: possibly delisted; no price data found  (1d 2026-05-25 -> 2026-07-10)
$4971.TWO: possibly delisted; no price data found  (1d 2026-05-25 -> 2026-07-10)
Failed to get ticker '4107.TWO' reason: Failed to perform, curl: (6) getaddrinfo() thread failed to start. See https://curl.se/libcurl/c/libcurl-errors.html first for more details.
$4107.TWO: possibly delisted; no timezone found
Failed to get ticker '6207.TWO' reason: Failed to perform, curl: (6) Could not resolve host: query2.finance.yahoo.com. See https://curl.se/libcurl/c/libcurl-errors.html first for more details.
$6207.TWO: possibly delisted; no timezone found
$6220.TWO: possibly delisted; no price data found  (1d 2026-05-25 -> 2026-07-10)
Failed to get ticker '4556.TWO' reason: Failed to perform, curl: (6) getaddrinfo() thread failed to start. See https://curl.se/libcurl/c/libcurl-errors.html first for more details.
$4556.TWO: possibly delisted; no timezone found
Failed to get ticker '4973.TWO' reason: Failed to perform, curl: (6) getaddrinfo() thread failed to start. See https://curl.se/libcurl/c/libcurl-errors.html first for more details.
$4973.TWO: possibly delisted; no timezone found
$6125.TWO: possibly delisted; no price data found  (1d 2026-05-25 -> 2026-07-10)
Failed to get ticker '4772.TWO' reason: Failed to perform, curl: (6) getaddrinfo() thread failed to start. See https://curl.se/libcurl/c/libcurl-errors.html first for more details.
$4772.TWO: possibly delisted; no timezone found
$5353.TWO: possibly delisted; no price data found  (1d 2026-05-25 -> 2026-07-10)
$3646.TWO: possibly delisted; no price data found  (1d 2026-05-25 -> 2026-07-10)
Failed to get ticker '3663.TWO' reason: Failed to perform, curl: (6) getaddrinfo() thread failed to start. See https://curl.se/libcurl/c/libcurl-errors.html first for more details.
$3663.TWO: possibly delisted; no timezone found
$3207.TWO: possibly delisted; no price data found  (1d 2026-05-25 -> 2026-07-10)
$3287.TWO: possibly delisted; no price data found  (1d 2026-05-25 -> 2026-07-10)
$4120.TWO: possibly delisted; no price data found  (1d 2026-05-25 -> 2026-07-10)
Failed to get ticker '5274.TWO' reason: Failed to perform, curl: (6) getaddrinfo() thread failed to start. See https://curl.se/libcurl/c/libcurl-errors.html first for more details.
$5274.TWO: possibly delisted; no timezone found
Failed to get ticker '3483.TWO' reason: Failed to perform, curl: (6) getaddrinfo() thread failed to start. See https://curl.se/libcurl/c/libcurl-errors.html first for more details.
$3483.TWO: possibly delisted; no timezone found
Failed to get ticker '3131.TWO' reason: Failed to perform, curl: (6) getaddrinfo() thread failed to start. See https://curl.se/libcurl/c/libcurl-errors.html first for more details.
$3131.TWO: possibly delisted; no timezone found
Failed to get ticker '4966.TWO' reason: Failed to perform, curl: (6) getaddrinfo() thread failed to start. See https://curl.se/libcurl/c/libcurl-errors.html first for more details.
$4966.TWO: possibly delisted; no timezone found
$3570.TWO: possibly delisted; no price data found  (1d 2026-05-25 -> 2026-07-10)
Failed to get ticker '5536.TWO' reason: Failed to perform, curl: (6) getaddrinfo() thread failed to start. See https://curl.se/libcurl/c/libcurl-errors.html first for more details.
$5536.TWO: possibly delisted; no timezone found
$4416.TWO: possibly delisted; no price data found  (1d 2026-05-25 -> 2026-07-10)
Failed to get ticker '4167.TWO' reason: Failed to perform, curl: (6) getaddrinfo() thread failed to start. See https://curl.se/libcurl/c/libcurl-errors.html first for more details.
$4167.TWO: possibly delisted; no timezone found
$5210.TWO: possibly delisted; no price data found  (1d 2026-05-25 -> 2026-07-10)
$4157.TWO: possibly delisted; no price data found  (1d 2026-05-25 -> 2026-07-10)
$5530.TWO: possibly delisted; no price data found  (1d 2026-05-25 -> 2026-07-10)
$3491.TWO: possibly delisted; no price data found  (1d 2026-05-25 -> 2026-07-10)
$3558.TWO: possibly delisted; no price data found  (1d 2026-05-25 -> 2026-07-10)
$3666.TWO: possibly delisted; no price data found  (1d 2026-05-25 -> 2026-07-10)
Failed to get ticker '6114.TWO' reason: Failed to perform, curl: (6) getaddrinfo() thread failed to start. See https://curl.se/libcurl/c/libcurl-errors.html first for more details.
$6114.TWO: possibly delisted; no timezone found
$3430.TWO: possibly delisted; no price data found  (1d 2026-05-25 -> 2026-07-10)
$3095.TWO: possibly delisted; no price data found  (1d 2026-05-25 -> 2026-07-10)
Failed to get ticker '1580.TWO' reason: Failed to perform, curl: (6) getaddrinfo() thread failed to start. See https://curl.se/libcurl/c/libcurl-errors.html first for more details.
$1580.TWO: possibly delisted; no timezone found
$5904.TWO: possibly delisted; no price data found  (1d 2026-05-25 -> 2026-07-10)
Failed to get ticker '3219.TWO' reason: Failed to perform, curl: (6) getaddrinfo() thread failed to start. See https://curl.se/libcurl/c/libcurl-errors.html first for more details.
$3219.TWO: possibly delisted; no timezone found

192 Failed downloads:
['3675.TWO', '2064.TWO', '4706.TWO', '4714.TWO', '4417.TWO', '3294.TWO', '4111.TWO', '3276.TWO', '3434.TWO', '6240.TWO', '3707.TWO', '3691.TWO', '4749.TWO', '5410.TWO', '4107.TWO', '6207.TWO', '4556.TWO', '4973.TWO', '4772.TWO', '3663.TWO', '5274.TWO', '3483.TWO', '3131.TWO', '4966.TWO', '5536.TWO', '4167.TWO', '6114.TWO', '1580.TWO', '3219.TWO']: possibly delisted; no timezone found
['5498.TWO', '6138.TWO', '4113.TWO', '5488.TWO', '3379.TWO', '5228.TWO', '1796.TWO', '4128.TWO', '6185.TWO', '3264.TWO', '4995.TWO', '4702.TWO', '3373.TWO', '2732.TWO', '4503.TWO', '6147.TWO', '6150.TWO', '3324.TWO', '5457.TWO', '3357.TWO', '4543.TWO', '3217.TWO', '6179.TWO', '3360.TWO', '2221.TWO', '6026.TWO', '3236.TWO', '4971.TWO', '6220.TWO', '6125.TWO', '5353.TWO', '3646.TWO', '3207.TWO', '3287.TWO', '4120.TWO', '3570.TWO', '4416.TWO', '5210.TWO', '4157.TWO', '5530.TWO', '3491.TWO', '3558.TWO', '3666.TWO', '3430.TWO', '3095.TWO', '5904.TWO']: possibly delisted; no price data found  (1d 2026-05-25 -> 2026-07-10)
['3537.TWO', '3073.TWO', '3492.TWO', '4510.TWO', '3490.TWO', '6227.TWO', '6186.TWO', '1785.TWO', '3339.TWO', '3489.TWO', '5315.TWO', '5487.TWO', '5511.TWO', '6161.TWO', '3479.TWO', '5263.TWO', '6245.TWO', '3188.TWO', '3205.TWO', '5223.TWO', '5450.TWO', '3520.TWO', '2061.TWO', '3580.TWO', '4577.TWO', '3441.TWO', '1336.TWO', '4147.TWO', '3465.TWO', '3303.TWO', '3317.TWO', '3609.TWO', '4401.TWO', '5347.TWO', '3680.TWO', '6122.TWO', '3162.TWO', '3310.TWO', '3577.TWO', '6182.TWO', '6203.TWO', '4432.TWO', '3581.TWO', '3551.TWO', '5864.TWO', '6175.TWO', '4716.TWO', '3693.TWO', '5356.TWO', '5902.TWO', '1586.TWO', '1294.TWO', '1584.TWO', '4747.TWO', '3529.TWO', '6130.TWO', '3484.TWO', '5245.TWO', '4116.TWO', '3516.TWO', '3594.TWO', '4538.TWO', '5483.TWO', '6237.TWO', '3455.TWO', '4171.TWO', '6123.TWO', '4420.TWO', '6015.TWO', '2736.TWO', '4129.TWO', '5202.TWO', '5432.TWO', '6173.TWO', '4542.TWO', '3467.TWO', '3374.TWO', '4741.TWO', '5230.TWO', '5351.TWO', '5201.TWO', '6199.TWO', '5291.TWO', '5452.TWO', '4163.TWO', '4541.TWO', '5493.TWO', '3178.TWO', '3687.TWO', '6023.TWO', '6190.TWO', '3293.TWO', '2066.TWO', '3611.TWO', '3556.TWO', '4931.TWO', '3362.TWO', '5206.TWO', '1570.TWO', '3141.TWO', '3438.TWO', '3521.TWO', '1815.TWO', '6229.TWO', '6127.TWO', '3555.TWO', '2755.TWO', '4561.TWO', '4909.TWO', '6118.TWO', '5314.TWO', '6231.TWO', '3623.TWO', '4121.TWO', '4933.TWO', '5312.TWO', '6194.TWO']: OperationalError('unable to open database file')
Failed to get ticker '6982.TWO' reason: Failed to perform, curl: (6) getaddrinfo() thread failed to start. See https://curl.se/libcurl/c/libcurl-errors.html first for more details.
$6982.TWO: possibly delisted; no timezone found
$6703.TWO: possibly delisted; no price data found  (1d 2026-05-25 -> 2026-07-10)
Failed to get ticker '6899.TWO' reason: Failed to perform, curl: (6) getaddrinfo() thread failed to start. See https://curl.se/libcurl/c/libcurl-errors.html first for more details.
$6899.TWO: possibly delisted; no timezone found
$8086.TWO: possibly delisted; no price data found  (1d 2026-05-25 -> 2026-07-10)
$8040.TWO: possibly delisted; no price data found  (1d 2026-05-25 -> 2026-07-10)
$7547.TWO: possibly delisted; no price data found  (1d 2026-05-25 -> 2026-07-10)
Failed to get ticker '6584.TWO' reason: Failed to perform, curl: (6) getaddrinfo() thread failed to start. See https://curl.se/libcurl/c/libcurl-errors.html first for more details.
$6584.TWO: possibly delisted; no timezone found
$8440.TWO: possibly delisted; no price data found  (1d 2026-05-25 -> 2026-07-10)
$8932.TWO: possibly delisted; no price data found  (1d 2026-05-25 -> 2026-07-10)
Failed to get ticker '8436.TWO' reason: Failed to perform, curl: (6) getaddrinfo() thread failed to start. See https://curl.se/libcurl/c/libcurl-errors.html first for more details.
$8436.TWO: possibly delisted; no timezone found
$8234.TWO: possibly delisted; no price data found  (1d 2026-05-25 -> 2026-07-10)
$6725.TWO: possibly delisted; no price data found  (1d 2026-05-25 -> 2026-07-10)
Failed to get ticker '8431.TWO' reason: Failed to perform, curl: (6) getaddrinfo() thread failed to start. See https://curl.se/libcurl/c/libcurl-errors.html first for more details.
$8431.TWO: possibly delisted; no timezone found
$8155.TWO: possibly delisted; no price data found  (1d 2026-05-25 -> 2026-07-10)
Failed to get ticker '6612.TWO' reason: Failed to perform, curl: (6) getaddrinfo() thread failed to start. See https://curl.se/libcurl/c/libcurl-errors.html first for more details.
$6612.TWO: possibly delisted; no timezone found
$6693.TWO: possibly delisted; no price data found  (1d 2026-05-25 -> 2026-07-10)
Failed to get ticker '7717.TWO' reason: Failed to perform, curl: (6) getaddrinfo() thread failed to start. See https://curl.se/libcurl/c/libcurl-errors.html first for more details.
$7717.TWO: possibly delisted; no timezone found
$8088.TWO: possibly delisted; no price data found  (1d 2026-05-25 -> 2026-07-10)
$6791.TWO: possibly delisted; no price data found  (1d 2026-05-25 -> 2026-07-10)
$6967.TWO: possibly delisted; no price data found  (1d 2026-05-25 -> 2026-07-10)
$8044.TWO: possibly delisted; no price data found  (1d 2026-05-25 -> 2026-07-10)
$6248.TWO: possibly delisted; no price data found  (1d 2026-05-25 -> 2026-07-10)
$8437.TWO: possibly delisted; no price data found  (1d 2026-05-25 -> 2026-07-10)
Failed to get ticker '6423.TWO' reason: Failed to perform, curl: (6) getaddrinfo() thread failed to start. See https://curl.se/libcurl/c/libcurl-errors.html first for more details.
$6423.TWO: possibly delisted; no timezone found
Failed to get ticker '8027.TWO' reason: Failed to perform, curl: (6) getaddrinfo() thread failed to start. See https://curl.se/libcurl/c/libcurl-errors.html first for more details.
$8027.TWO: possibly delisted; no timezone found
$8446.TWO: possibly delisted; no price data found  (1d 2026-05-25 -> 2026-07-10)
Failed to get ticker '6294.TWO' reason: Failed to perform, curl: (6) getaddrinfo() thread failed to start. See https://curl.se/libcurl/c/libcurl-errors.html first for more details.
$6294.TWO: possibly delisted; no timezone found
Failed to get ticker '9960.TWO' reason: Failed to perform, curl: (6) getaddrinfo() thread failed to start. See https://curl.se/libcurl/c/libcurl-errors.html first for more details.
$9960.TWO: possibly delisted; no timezone found
Failed to get ticker '6925.TWO' reason: Failed to perform, curl: (6) getaddrinfo() thread failed to start. See https://curl.se/libcurl/c/libcurl-errors.html first for more details.
$6925.TWO: possibly delisted; no timezone found
$6547.TWO: possibly delisted; no price data found  (1d 2026-05-25 -> 2026-07-10)

99 Failed downloads:
['6761.TWO', '6488.TWO', '8240.TWO', '6411.TWO', '8043.TWO', '6265.TWO', '6548.TWO', '6517.TWO', '8091.TWO', '6274.TWO', '6870.TWO', '7556.TWO', '8048.TWO', '8109.TWO', '7777.TWO', '6651.TWO', '7703.TWO', '6727.TWO', '6741.TWO', '8415.TWO', '6485.TWO', '6261.TWO', '8421.TWO', '6643.TWO', '6720.TWO', '6654.TWO', '6510.TWO', '6603.TWO', '8147.TWO', '6829.TWO', '8068.TWO', '8083.TWO', '8064.TWO', '8054.TWO', '6516.TWO', '6617.TWO', '8034.TWO', '6494.TWO', '6616.TWO', '8032.TWO', '6538.TWO', '7642.TWO', '8042.TWO', '8071.TWO', '6763.TWO', '6509.TWO', '6560.TWO', '6620.TWO', '7715.TWO', '9949.TWO', '8930.TWO', '8099.TWO', '6971.TWO', '6496.TWO', '6284.TWO', '7738.TWO', '8390.TWO', '6823.TWO', '8426.TWO', '6246.TWO', '6667.TWO', '6425.TWO', '6613.TWO', '6716.TWO', '6577.TWO', '6578.TWO', '6593.TWO', '8069.TWO', '8928.TWO']: OperationalError('unable to open database file')
['6982.TWO', '6899.TWO', '6584.TWO', '8436.TWO', '8431.TWO', '6612.TWO', '7717.TWO', '6423.TWO', '8027.TWO', '6294.TWO', '9960.TWO', '6925.TWO']: possibly delisted; no timezone found
['6703.TWO', '8086.TWO', '8040.TWO', '7547.TWO', '8440.TWO', '8932.TWO', '8234.TWO', '6725.TWO', '8155.TWO', '6693.TWO', '8088.TWO', '6791.TWO', '6967.TWO', '8044.TWO', '6248.TWO', '8437.TWO', '8446.TWO', '6547.TWO']: possibly delisted; no price data found  (1d 2026-05-25 -> 2026-07-10)
$3498.TWO: possibly delisted; no price data found  (1d 2026-07-10 -> 2026-07-24)
$5289.TWO: possibly delisted; no price data found  (1d 2026-07-10 -> 2026-07-24)
$3105.TWO: possibly delisted; no price data found  (1d 2026-07-10 -> 2026-07-24)

3 Failed downloads:
['3498.TWO', '5289.TWO', '3105.TWO']: possibly delisted; no price data found  (1d 2026-07-10 -> 2026-07-24)
[yfinance] 快取位置已重新導向至: /Users/chenyinyi/Documents/antigravity/台股資料/02_Margin_T1_Lab/.cache
=========================================================================
啟動：台股資券籌碼爬蟲與 T+1 實戰回測工具 (02_Margin_T1_Lab)
=========================================================================
正在下載台股歷史日曆...
正在下載最新的台股上市與上櫃股票清單...
獲取 TSE 股票清單失敗: ("Connection broken: ConnectionResetError(54, 'Connection reset by peer')", ConnectionResetError(54, 'Connection reset by peer'))
共取得 890 檔普通股
正在檢查 20260727 的官方信用交易資料是否已發布...
  ➔ 已偵測到最新公布資料日期: 20260727

【籌碼分析日】: 20260727 (T日)
  正在獲取資券歷史數據: 20260722, 20260723, 20260724, 20260727...
  資券爬取完成，開始進行籌碼變化過濾與計算...
  符合資券增加的候選股共 264 檔，開始下載技術面股價驗證...
  正在下載第 1/2 批股價數據 (共 200 檔, 區間 2026-06-12 ~ 2026-07-28)...
  正在下載第 2/2 批股價數據 (共 64 檔, 區間 2026-06-12 ~ 2026-07-28)...
  篩選完成！報告已儲存至 /Users/chenyinyi/Documents/antigravity/台股資料/02_Margin_T1_Lab/reports/margin_scan_20260727.csv，符合篩選個股共 19 檔

【開始進行 T+1 實戰回測驗收】
  回測對象 (T日): 20260709
  實戰交易時程:
    ➔ T+1 進場成本日: 20260710
    ➔ T+5 結算日: 20260716
    ➔ T+10 結算日: 20260723
  未發現 20260709 的掃描存檔，開始在線跑歷史篩選...

【籌碼分析日】: 20260709 (T日)
  正在獲取資券歷史數據: 20260706, 20260707, 20260708, 20260709...
  資券爬取完成，開始進行籌碼變化過濾與計算...
  符合資券增加的候選股共 299 檔，開始下載技術面股價驗證...
  正在下載第 1/2 批股價數據 (共 200 檔, 區間 2026-05-25 ~ 2026-07-10)...
  正在下載第 2/2 批股價數據 (共 99 檔, 區間 2026-05-25 ~ 2026-07-10)...
  篩選完成！報告已儲存至 /Users/chenyinyi/Documents/antigravity/台股資料/02_Margin_T1_Lab/reports/margin_scan_20260709.csv，符合篩選個股共 3 檔
  正在下載第 1/1 批股價數據 (共 3 檔, 區間 2026-07-10 ~ 2026-07-24)...
  無法取得回測標的的結算價格數據。

【產出報告預覽】
📊 【台股獨立資券籌碼診斷 & T+1 回測報告】
📅 籌碼分析日 (T日)：2026/07/27
------------------------------------------
🔥 【當日資券篩選名單】
1. 🔥【資券同增：潛在軋空強勢股】(共 0 檔):

2. 🚀【主力點火資】(共 5 檔):
   - 2061 風青 (收盤: 54.50, 資當日增: +128)
   - 3260 威剛 (收盤: 402.00, 資當日增: +61)
   - 3441 聯一光 (收盤: 70.70, 資當日增: +235)
   - 3594 磐儀 (收盤: 57.90, 資當日增: +292)
   - 6432 今展科 (收盤: 76.30, 資當日增: +112)

3. ⚠️【散戶套牢資 / 留意斷頭】(共 12 檔):
   - 3147 大綜 (收盤: 230.00, 資當日增: +35)
   - 3236 千如 (收盤: 42.75, 資當日增: +14)
   - 3264 欣銓 (收盤: 206.00, 資當日增: +44)
   - 3357 臺慶科 (收盤: 212.00, 資當日增: +41)
   - 3360 尚立 (收盤: 16.75, 資當日增: +17)
   - 5289 宜鼎 (收盤: 1330.00, 資當日增: +22)
   - 5425 台半 (收盤: 82.80, 資當日增: +58)
   - 5488 松普 (收盤: 13.35, 資當日增: +16)
   * ... 尚有 4 檔，詳見 CSV 報表
------------------------------------------
🎯 【T+1 實戰回測驗收對帳單】
📅 回測對象 (T日): 20260709 (T+10 結算數據尚未收齊，暫無回測表現)
------------------------------------------
ℹ️ 本日報表與回測 CSV 檔案已儲存於 `02_Margin_T1_Lab/reports/`
[Telegram] 發送異常 (嘗試 1/5): HTTPSConnectionPool(host='api.telegram.org', port=443): Max retries exceeded with url: /bot8948816767:AAHnUGU4eVLHN1U4aELeZbgJtrF-nxpetJE/sendMessage (Caused by NameResolutionError("HTTPSConnection(host='api.telegram.org', port=443): Failed to resolve 'api.telegram.org' ([Errno 8] nodename nor servname provided, or not known)"))
[Telegram] 將於 30 秒後重新嘗試...
[Telegram] 發送異常 (嘗試 2/5): HTTPSConnectionPool(host='api.telegram.org', port=443): Max retries exceeded with url: /bot8948816767:AAHnUGU4eVLHN1U4aELeZbgJtrF-nxpetJE/sendMessage (Caused by NameResolutionError("HTTPSConnection(host='api.telegram.org', port=443): Failed to resolve 'api.telegram.org' ([Errno 8] nodename nor servname provided, or not known)"))
[Telegram] 將於 30 秒後重新嘗試...
[Telegram] 發送異常 (嘗試 3/5): HTTPSConnectionPool(host='api.telegram.org', port=443): Max retries exceeded with url: /bot8948816767:AAHnUGU4eVLHN1U4aELeZbgJtrF-nxpetJE/sendMessage (Caused by NameResolutionError("HTTPSConnection(host='api.telegram.org', port=443): Failed to resolve 'api.telegram.org' ([Errno 8] nodename nor servname provided, or not known)"))
[Telegram] 將於 30 秒後重新嘗試...
[Telegram] 發送異常 (嘗試 4/5): HTTPSConnectionPool(host='api.telegram.org', port=443): Max retries exceeded with url: /bot8948816767:AAHnUGU4eVLHN1U4aELeZbgJtrF-nxpetJE/sendMessage (Caused by NameResolutionError("HTTPSConnection(host='api.telegram.org', port=443): Failed to resolve 'api.telegram.org' ([Errno 8] nodename nor servname provided, or not known)"))
[Telegram] 將於 30 秒後重新嘗試...
[Telegram] 發送異常 (嘗試 5/5): HTTPSConnectionPool(host='api.telegram.org', port=443): Max retries exceeded with url: /bot8948816767:AAHnUGU4eVLHN1U4aELeZbgJtrF-nxpetJE/sendMessage (Caused by NameResolutionError("HTTPSConnection(host='api.telegram.org', port=443): Failed to resolve 'api.telegram.org' ([Errno 8] nodename nor servname provided, or not known)"))
[Telegram] 訊息發送失敗且已達最大重試次數 (Part 1/1)

執行結束，所有檔案已完成獨立產出。
$3135.TW: possibly delisted; no price data found  (1d 2026-06-13 -> 2026-07-29)
Failed to get ticker '3617.TW' reason: Failed to perform, curl: (6) Could not resolve host: query2.finance.yahoo.com. See https://curl.se/libcurl/c/libcurl-errors.html first for more details.
Failed to get ticker '2427.TW' reason: Failed to perform, curl: (77) error setting certificate verify locations:  CAfile: /Users/chenyinyi/miniconda3/ssl/cert.pem CApath: none. See https://curl.se/libcurl/c/libcurl-errors.html first for more details.
$6541.TW: possibly delisted; no price data found  (1d 2026-06-13 -> 2026-07-29)
Failed to get ticker '2308.TW' reason: Failed to perform, curl: (6) getaddrinfo() thread failed to start. See https://curl.se/libcurl/c/libcurl-errors.html first for more details.
$2308.TW: possibly delisted; no timezone found
Failed to get ticker '1210.TW' reason: Failed to perform, curl: (6) Could not resolve host: query2.finance.yahoo.com. See https://curl.se/libcurl/c/libcurl-errors.html first for more details.
$1210.TW: possibly delisted; no timezone found
$3150.TW: possibly delisted; no price data found  (1d 2026-06-13 -> 2026-07-29)
$4912.TW: possibly delisted; no price data found  (1d 2026-06-13 -> 2026-07-29)
$2031.TW: possibly delisted; no price data found  (1d 2026-06-13 -> 2026-07-29)
$1453.TW: possibly delisted; no price data found  (1d 2026-06-13 -> 2026-07-29)
$1456.TW: possibly delisted; no price data found  (1d 2026-06-13 -> 2026-07-29)
$3023.TW: possibly delisted; no price data found  (1d 2026-06-13 -> 2026-07-29)
$1312.TW: possibly delisted; no price data found  (1d 2026-06-13 -> 2026-07-29)
Failed to get ticker '2812.TW' reason: Failed to perform, curl: (6) getaddrinfo() thread failed to start. See https://curl.se/libcurl/c/libcurl-errors.html first for more details.
$2812.TW: possibly delisted; no timezone found
Failed to get ticker '1227.TW' reason: Failed to perform, curl: (77) error setting certificate verify locations:  CAfile: /Users/chenyinyi/miniconda3/ssl/cert.pem CApath: none. See https://curl.se/libcurl/c/libcurl-errors.html first for more details.
$1227.TW: possibly delisted; no timezone found
$2515.TW: possibly delisted; no price data found  (1d 2026-06-13 -> 2026-07-29)
Failed to get ticker '3006.TW' reason: Failed to perform, curl: (6) getaddrinfo() thread failed to start. See https://curl.se/libcurl/c/libcurl-errors.html first for more details.
$3006.TW: possibly delisted; no timezone found
$2009.TW: possibly delisted; no price data found  (1d 2026-06-13 -> 2026-07-29)
$5203.TW: possibly delisted; no price data found  (1d 2026-06-13 -> 2026-07-29)
$2611.TW: possibly delisted; no price data found  (1d 2026-06-13 -> 2026-07-29)
$2354.TW: possibly delisted; no price data found  (1d 2026-06-13 -> 2026-07-29)
$2882.TW: possibly delisted; no price data found  (1d 2026-06-13 -> 2026-07-29)
$2305.TW: possibly delisted; no price data found  (1d 2026-06-13 -> 2026-07-29)
Failed to get ticker '1234.TW' reason: Failed to perform, curl: (6) getaddrinfo() thread failed to start. See https://curl.se/libcurl/c/libcurl-errors.html first for more details.
$1234.TW: possibly delisted; no timezone found
Failed to get ticker '2886.TW' reason: Failed to perform, curl: (6) Could not resolve host: query2.finance.yahoo.com. See https://curl.se/libcurl/c/libcurl-errors.html first for more details.
$2886.TW: possibly delisted; no timezone found
$2505.TW: possibly delisted; no price data found  (1d 2026-06-13 -> 2026-07-29)
$1475.TW: possibly delisted; no price data found  (1d 2026-06-13 -> 2026-07-29)
$1463.TW: possibly delisted; no price data found  (1d 2026-06-13 -> 2026-07-29)
$6230.TW: possibly delisted; no price data found  (1d 2026-06-13 -> 2026-07-29)
Failed to get ticker '1720.TW' reason: Failed to perform, curl: (6) getaddrinfo() thread failed to start. See https://curl.se/libcurl/c/libcurl-errors.html first for more details.
$1720.TW: possibly delisted; no timezone found
$2722.TW: possibly delisted; no price data found  (1d 2026-06-13 -> 2026-07-29)
$2032.TW: possibly delisted; no price data found  (1d 2026-06-13 -> 2026-07-29)
$6830.TW: possibly delisted; no price data found  (1d 2026-06-13 -> 2026-07-29)
$2419.TW: possibly delisted; no price data found  (1d 2026-06-13 -> 2026-07-29)

112 Failed downloads:
['3135.TW', '6541.TW', '3150.TW', '4912.TW', '2031.TW', '1453.TW', '1456.TW', '3023.TW', '1312.TW', '2515.TW', '2009.TW', '5203.TW', '2611.TW', '2354.TW', '2882.TW', '2305.TW', '2505.TW', '1475.TW', '1463.TW', '6230.TW', '2722.TW', '2032.TW', '6830.TW', '2419.TW']: possibly delisted; no price data found  (1d 2026-06-13 -> 2026-07-29)
['3617.TW']: DNSError('Failed to perform, curl: (6) Could not resolve host: query2.finance.yahoo.com. See https://curl.se/libcurl/c/libcurl-errors.html first for more details.')
['2427.TW']: ConnectionError('Failed to perform, curl: (7) Failed to connect to query2.finance.yahoo.com port 443 after 0 ms: Could not connect to server. See https://curl.se/libcurl/c/libcurl-errors.html first for more details.')
['4148.TW', '2546.TW', '6024.TW', '2476.TW', '2897.TW', '2488.TW', '2850.TW', '1216.TW', '5534.TW', '6206.TW', '6641.TW', '2504.TW', '1419.TW', '2415.TW', '1736.TW', '4560.TW', '6226.TW', '1531.TW', '1605.TW', '3011.TW', '3311.TW', '6722.TW', '1808.TW', '2904.TW', '6901.TW', '1416.TW', '1220.TW', '2392.TW', '6005.TW', '2442.TW', '3092.TW', '3050.TW', '3037.TW', '3296.TW', '1467.TW', '2250.TW', '2880.TW', '6164.TW', '3545.TW', '6409.TW', '3168.TW', '6133.TW', '1340.TW', '1466.TW', '2412.TW', '5292.TW', '2527.TW', '2892.TW', '5876.TW', '6756.TW', '5531.TW', '3607.TW', '1437.TW', '4572.TW', '2440.TW', '2239.TW', '4737.TW', '2010.TW', '1805.TW', '5907.TW', '2704.TW', '1231.TW', '4961.TW', '2030.TW', '1236.TW', '1109.TW', '1319.TW', '1337.TW', '4994.TW', '3504.TW', '2540.TW', '1218.TW', '4566.TW', '4976.TW', '6214.TW', '3054.TW', '1108.TW', '3044.TW']: OperationalError('unable to open database file')
['2308.TW', '1210.TW', '2812.TW', '1227.TW', '3006.TW', '1234.TW', '2886.TW', '1720.TW']: possibly delisted; no timezone found
Failed to get ticker '7799.TW' reason: Failed to perform, curl: (6) Could not resolve host: query2.finance.yahoo.com. See https://curl.se/libcurl/c/libcurl-errors.html first for more details.
Failed to get ticker '8463.TW' reason: Failed to perform, curl: (6) Could not resolve host: query2.finance.yahoo.com. See https://curl.se/libcurl/c/libcurl-errors.html first for more details.
$7799.TW: possibly delisted; no timezone found
$8463.TW: possibly delisted; no timezone found
Failed to get ticker '8462.TW' reason: Failed to perform, curl: (6) getaddrinfo() thread failed to start. See https://curl.se/libcurl/c/libcurl-errors.html first for more details.
$8462.TW: possibly delisted; no timezone found
$9924.TW: possibly delisted; no price data found  (1d 2026-06-13 -> 2026-07-29)
Failed to get ticker '7631.TW' reason: Failed to perform, curl: (77) error setting certificate verify locations:  CAfile: /Users/chenyinyi/miniconda3/ssl/cert.pem CApath: none. See https://curl.se/libcurl/c/libcurl-errors.html first for more details.
$7631.TW: possibly delisted; no timezone found
$9928.TW: possibly delisted; no price data found  (1d 2026-06-13 -> 2026-07-29)
Failed to get ticker '7795.TW' reason: Failed to perform, curl: (77) error setting certificate verify locations:  CAfile: /Users/chenyinyi/miniconda3/ssl/cert.pem CApath: none. See https://curl.se/libcurl/c/libcurl-errors.html first for more details.
$7795.TW: possibly delisted; no timezone found
$9919.TW: possibly delisted; no price data found  (1d 2026-06-13 -> 2026-07-29)
Failed to get ticker '6914.TW' reason: Failed to perform, curl: (6) getaddrinfo() thread failed to start. See https://curl.se/libcurl/c/libcurl-errors.html first for more details.
$6914.TW: possibly delisted; no timezone found
$9944.TW: possibly delisted; no price data found  (1d 2026-06-13 -> 2026-07-29)
Failed to get ticker '7711.TW' reason: Failed to perform, curl: (6) getaddrinfo() thread failed to start. See https://curl.se/libcurl/c/libcurl-errors.html first for more details.
$7711.TW: possibly delisted; no timezone found

13 Failed downloads:
['7799.TW', '8463.TW', '8462.TW', '7631.TW', '7795.TW', '6914.TW', '7711.TW']: possibly delisted; no timezone found
['8081.TW', '9939.TW']: OperationalError('unable to open database file')
['9924.TW', '9928.TW', '9919.TW', '9944.TW']: possibly delisted; no price data found  (1d 2026-06-13 -> 2026-07-29)
[yfinance] 快取位置已重新導向至: /Users/chenyinyi/Documents/antigravity/台股資料/02_Margin_T1_Lab/.cache
=========================================================================
啟動：台股資券籌碼爬蟲與 T+1 實戰回測工具 (02_Margin_T1_Lab)
=========================================================================
正在下載台股歷史日曆...
正在下載最新的台股上市與上櫃股票清單...
獲取 OTC 股票清單失敗: ('Connection aborted.', ConnectionResetError(54, 'Connection reset by peer'))
共取得 1082 檔普通股
正在檢查 20260728 的官方信用交易資料是否已發布...
  ➔ 已偵測到最新公布資料日期: 20260728

【籌碼分析日】: 20260728 (T日)
  正在獲取資券歷史數據: 20260723, 20260724, 20260727, 20260728...
  資券爬取完成，開始進行籌碼變化過濾與計算...
  符合資券增加的候選股共 219 檔，開始下載技術面股價驗證...
  正在下載第 1/2 批股價數據 (共 200 檔, 區間 2026-06-13 ~ 2026-07-29)...
  正在下載第 2/2 批股價數據 (共 19 檔, 區間 2026-06-13 ~ 2026-07-29)...
  篩選完成！報告已儲存至 /Users/chenyinyi/Documents/antigravity/台股資料/02_Margin_T1_Lab/reports/margin_scan_20260728.csv，符合篩選個股共 33 檔

【開始進行 T+1 實戰回測驗收】
  回測對象 (T日): 20260710
  實戰交易時程:
    ➔ T+1 進場成本日: 20260713
    ➔ T+5 結算日: 20260717
    ➔ T+10 結算日: 20260724
  未發現 20260710 的掃描存檔，開始在線跑歷史篩選...

【籌碼分析日】: 20260710 (T日)
  正在獲取資券歷史數據: 20260707, 20260708, 20260709, 20260710...
警告: 部分日期的官方資券數據爬取失敗或為空，診斷終止。
  20260710 無任何符合篩選的標的。

【產出報告預覽】
📊 【台股獨立資券籌碼診斷 & T+1 回測報告】
📅 籌碼分析日 (T日)：2026/07/28
------------------------------------------
🔥 【當日資券篩選名單】
1. 🔥【資券同增：潛在軋空強勢股】(共 1 檔):
   - 3669 圓展 (收盤: 40.45, 資當日增: +6, 券當日增: +11)

2. 🚀【主力點火資】(共 7 檔):
   - 2547 日勝生 (收盤: 10.20, 資當日增: +85)
   - 2618 長榮航 (收盤: 42.75, 資當日增: +216)
   - 2834 臺企銀 (收盤: 18.10, 資當日增: +5310)
   - 2905 三商 (收盤: 16.20, 資當日增: +20)
   - 3669 圓展 (收盤: 40.45, 資當日增: +6)
   - 4904 遠傳 (收盤: 106.00, 資當日增: +48)
   - 6757 台灣虎航 (收盤: 54.70, 資當日增: +121)

3. ⚠️【散戶套牢資 / 留意斷頭】(共 22 檔):
   - 1560 中砂 (收盤: 635.00, 資當日增: +15)
   - 1608 華榮 (收盤: 28.30, 資當日增: +30)
   - 1722 台肥 (收盤: 46.05, 資當日增: +16)
   - 1904 正隆 (收盤: 21.35, 資當日增: +44)
   - 2103 台橡 (收盤: 21.20, 資當日增: +10)
   - 2104 國際中橡 (收盤: 9.90, 資當日增: +2)
   - 2337 旺宏 (收盤: 113.00, 資當日增: +1445)
   - 2344 華邦電 (收盤: 144.00, 資當日增: +247)
   * ... 尚有 14 檔，詳見 CSV 報表
------------------------------------------
🎯 【T+1 實戰回測驗收對帳單】
📅 回測對象 (T日): 20260710 (T+10 結算數據尚未收齊，暫無回測表現)
------------------------------------------
ℹ️ 本日報表與回測 CSV 檔案已儲存於 `02_Margin_T1_Lab/reports/`
[Telegram] 訊息發送成功 (Part 1/1)

執行結束，所有檔案已完成獨立產出。
Failed to get ticker '4556.TWO' reason: Failed to perform, curl: (6) Could not resolve host: query2.finance.yahoo.com. See https://curl.se/libcurl/c/libcurl-errors.html first for more details.
$5464.TWO: possibly delisted; no price data found  (1d 2026-06-14 -> 2026-07-30)
Failed to get ticker '2729.TWO' reason: Failed to perform, curl: (6) getaddrinfo() thread failed to start. See https://curl.se/libcurl/c/libcurl-errors.html first for more details.
Failed to get ticker '6613.TWO' reason: Failed to perform, curl: (6) getaddrinfo() thread failed to start. See https://curl.se/libcurl/c/libcurl-errors.html first for more details.
$6613.TWO: possibly delisted; no timezone found
$5291.TWO: possibly delisted; no price data found  (1d 2026-06-14 -> 2026-07-30)
$3095.TWO: possibly delisted; no price data found  (1d 2026-06-14 -> 2026-07-30)
Failed to get ticker '5902.TWO' reason: Failed to perform, curl: (6) Could not resolve host: query2.finance.yahoo.com. See https://curl.se/libcurl/c/libcurl-errors.html first for more details.
$5902.TWO: possibly delisted; no timezone found
Failed to get ticker '8358.TWO' reason: Failed to perform, curl: (6) getaddrinfo() thread failed to start. See https://curl.se/libcurl/c/libcurl-errors.html first for more details.
$8358.TWO: possibly delisted; no timezone found
Failed to get ticker '2063.TWO' reason: Failed to perform, curl: (6) getaddrinfo() thread failed to start. See https://curl.se/libcurl/c/libcurl-errors.html first for more details.
$2063.TWO: possibly delisted; no timezone found
$8432.TWO: possibly delisted; no price data found  (1d 2026-06-14 -> 2026-07-30)

29 Failed downloads:
['4554.TWO', '3512.TWO', '7556.TWO', '8415.TWO', '5328.TWO', '9949.TWO', '3521.TWO', '6021.TWO', '3232.TWO', '4442.TWO', '3465.TWO', '8034.TWO', '1295.TWO', '6124.TWO', '8107.TWO', '3310.TWO', '6894.TWO', '1259.TWO', '5353.TWO']: OperationalError('unable to open database file')
['5464.TWO', '5291.TWO', '3095.TWO', '8432.TWO']: possibly delisted; no price data found  (1d 2026-06-14 -> 2026-07-30)
['4556.TWO']: DNSError('Failed to perform, curl: (6) Could not resolve host: query2.finance.yahoo.com. See https://curl.se/libcurl/c/libcurl-errors.html first for more details.')
['2729.TWO']: DNSError('Failed to perform, curl: (6) getaddrinfo() thread failed to start. See https://curl.se/libcurl/c/libcurl-errors.html first for more details.')
['6613.TWO', '5902.TWO', '8358.TWO', '2063.TWO']: possibly delisted; no timezone found
[yfinance] 快取位置已重新導向至: /Users/chenyinyi/Documents/antigravity/台股資料/02_Margin_T1_Lab/.cache
=========================================================================
啟動：台股資券籌碼爬蟲與 T+1 實戰回測工具 (02_Margin_T1_Lab)
=========================================================================
正在下載台股歷史日曆...
正在下載最新的台股上市與上櫃股票清單...
獲取 TSE 股票清單失敗: HTTPSConnectionPool(host='isin.twse.com.tw', port=443): Read timed out.
共取得 890 檔普通股
正在檢查 20260729 的官方信用交易資料是否已發布...
  ➔ 已偵測到最新公布資料日期: 20260729

【籌碼分析日】: 20260729 (T日)
  正在獲取資券歷史數據: 20260724, 20260727, 20260728, 20260729...
  資券爬取完成，開始進行籌碼變化過濾與計算...
  符合資券增加的候選股共 145 檔，開始下載技術面股價驗證...
  正在下載第 1/1 批股價數據 (共 145 檔, 區間 2026-06-14 ~ 2026-07-30)...
  篩選完成！報告已儲存至 /Users/chenyinyi/Documents/antigravity/台股資料/02_Margin_T1_Lab/reports/margin_scan_20260729.csv，符合篩選個股共 13 檔

【開始進行 T+1 實戰回測驗收】
  回測對象 (T日): 20260713
  實戰交易時程:
    ➔ T+1 進場成本日: 20260714
    ➔ T+5 結算日: 20260720
    ➔ T+10 結算日: 20260727
  未發現 20260713 的掃描存檔，開始在線跑歷史篩選...

【籌碼分析日】: 20260713 (T日)
  正在獲取資券歷史數據: 20260708, 20260709, 20260710, 20260713...
警告: 部分日期的官方資券數據爬取失敗或為空，診斷終止。
  20260713 無任何符合篩選的標的。

【產出報告預覽】
📊 【台股獨立資券籌碼診斷 & T+1 回測報告】
📅 籌碼分析日 (T日)：2026/07/29
------------------------------------------
🔥 【當日資券篩選名單】
1. 🔥【資券同增：潛在軋空強勢股】(共 0 檔):

2. 🚀【主力點火資】(共 7 檔):
   - 2061 風青 (收盤: 55.40, 資當日增: +267)
   - 3362 先進光 (收盤: 173.50, 資當日增: +257)
   - 3441 聯一光 (收盤: 84.80, 資當日增: +196)
   - 3630 新鉅科 (收盤: 27.20, 資當日增: +74)
   - 5490 同亨 (收盤: 33.15, 資當日增: +62)
   - 6603 富強鑫 (收盤: 26.20, 資當日增: +200)
   - 8050 廣積 (收盤: 60.80, 資當日增: +385)

3. ⚠️【散戶套牢資 / 留意斷頭】(共 6 檔):
   - 4114 健喬 (收盤: 29.25, 資當日增: +163)
   - 4167 松瑞藥 (收盤: 17.00, 資當日增: +32)
   - 4577 達航科技 (收盤: 69.60, 資當日增: +103)
   - 4707 磐亞 (收盤: 25.80, 資當日增: +164)
   - 6432 今展科 (收盤: 72.30, 資當日增: +21)
   - 6547 高端疫苗 (收盤: 45.70, 資當日增: +107)
------------------------------------------
🎯 【T+1 實戰回測驗收對帳單】
📅 回測對象 (T日): 20260713 (T+10 結算數據尚未收齊，暫無回測表現)
------------------------------------------
ℹ️ 本日報表與回測 CSV 檔案已儲存於 `02_Margin_T1_Lab/reports/`
[Telegram] 訊息發送成功 (Part 1/1)

執行結束，所有檔案已完成獨立產出。
Failed to get ticker '4549.TWO' reason: Failed to perform, curl: (6) getaddrinfo() thread failed to start. See https://curl.se/libcurl/c/libcurl-errors.html first for more details.
Failed to get ticker '8097.TWO' reason: Failed to perform, curl: (6) getaddrinfo() thread failed to start. See https://curl.se/libcurl/c/libcurl-errors.html first for more details.
$6823.TWO: possibly delisted; no price data found  (1d 2026-06-15 -> 2026-07-31)
$4105.TWO: possibly delisted; no price data found  (1d 2026-06-15 -> 2026-07-31)
$4126.TWO: possibly delisted; no price data found  (1d 2026-06-15 -> 2026-07-31)
Failed to get ticker '5274.TWO' reason: Failed to perform, curl: (6) Could not resolve host: query2.finance.yahoo.com. See https://curl.se/libcurl/c/libcurl-errors.html first for more details.
$5274.TWO: possibly delisted; no timezone found
$5511.TWO: possibly delisted; no price data found  (1d 2026-06-15 -> 2026-07-31)
$6020.TWO: possibly delisted; no price data found  (1d 2026-06-15 -> 2026-07-31)
$3609.TWO: possibly delisted; no price data found  (1d 2026-06-15 -> 2026-07-31)
$3430.TWO: possibly delisted; no price data found  (1d 2026-06-15 -> 2026-07-31)
Failed to get ticker '5455.TWO' reason: Failed to perform, curl: (6) getaddrinfo() thread failed to start. See https://curl.se/libcurl/c/libcurl-errors.html first for more details.
$5455.TWO: possibly delisted; no timezone found
$5481.TWO: possibly delisted; no price data found  (1d 2026-06-15 -> 2026-07-31)
$6967.TWO: possibly delisted; no price data found  (1d 2026-06-15 -> 2026-07-31)
$3630.TWO: possibly delisted; no price data found  (1d 2026-06-15 -> 2026-07-31)
Failed to get ticker '6182.TWO' reason: Failed to perform, curl: (6) getaddrinfo() thread failed to start. See https://curl.se/libcurl/c/libcurl-errors.html first for more details.
$6182.TWO: possibly delisted; no timezone found
$6279.TWO: possibly delisted; no price data found  (1d 2026-06-15 -> 2026-07-31)
$6728.TWO: possibly delisted; no price data found  (1d 2026-06-15 -> 2026-07-31)
Failed to get ticker '6510.TWO' reason: Failed to perform, curl: (6) getaddrinfo() thread failed to start. See https://curl.se/libcurl/c/libcurl-errors.html first for more details.
$6510.TWO: possibly delisted; no timezone found
$5529.TWO: possibly delisted; no price data found  (1d 2026-06-15 -> 2026-07-31)
Failed to get ticker '4714.TWO' reason: Failed to perform, curl: (6) Could not resolve host: query2.finance.yahoo.com. See https://curl.se/libcurl/c/libcurl-errors.html first for more details.
$4714.TWO: possibly delisted; no timezone found
$3597.TWO: possibly delisted; no price data found  (1d 2026-06-15 -> 2026-07-31)
$5426.TWO: possibly delisted; no price data found  (1d 2026-06-15 -> 2026-07-31)
$1295.TWO: possibly delisted; no price data found  (1d 2026-06-15 -> 2026-07-31)
$6811.TWO: possibly delisted; no price data found  (1d 2026-06-15 -> 2026-07-31)
Failed to get ticker '5340.TWO' reason: Failed to perform, curl: (77) error setting certificate verify locations:  CAfile: /Users/chenyinyi/miniconda3/ssl/cert.pem CApath: none. See https://curl.se/libcurl/c/libcurl-errors.html first for more details.
$5340.TWO: possibly delisted; no timezone found

73 Failed downloads:
['4549.TWO', '8097.TWO']: DNSError('Failed to perform, curl: (6) getaddrinfo() thread failed to start. See https://curl.se/libcurl/c/libcurl-errors.html first for more details.')
['3465.TWO', '4157.TWO', '4728.TWO', '6613.TWO', '5514.TWO', '4558.TWO', '2640.TWO', '6859.TWO', '3646.TWO', '5201.TWO', '6259.TWO', '6275.TWO', '6637.TWO', '3520.TWO', '6291.TWO', '7714.TWO', '6720.TWO', '1593.TWO', '4127.TWO', '2719.TWO', '5210.TWO', '6870.TWO', '7718.TWO', '6570.TWO', '3141.TWO', '6642.TWO', '5410.TWO', '6161.TWO', '1796.TWO', '5014.TWO', '3555.TWO', '6651.TWO', '6179.TWO', '6732.TWO', '7715.TWO', '4420.TWO', '7704.TWO', '4907.TWO', '6465.TWO', '6968.TWO', '4735.TWO', '5245.TWO', '8049.TWO', '3230.TWO', '3252.TWO', '5009.TWO', '3169.TWO', '6203.TWO']: OperationalError('unable to open database file')
['6823.TWO', '4105.TWO', '4126.TWO', '5511.TWO', '6020.TWO', '3609.TWO', '3430.TWO', '5481.TWO', '6967.TWO', '3630.TWO', '6279.TWO', '6728.TWO', '5529.TWO', '3597.TWO', '5426.TWO', '1295.TWO', '6811.TWO']: possibly delisted; no price data found  (1d 2026-06-15 -> 2026-07-31)
['5274.TWO', '5455.TWO', '6182.TWO', '6510.TWO', '4714.TWO', '5340.TWO']: possibly delisted; no timezone found
$8924.TWO: possibly delisted; no price data found  (1d 2026-06-15 -> 2026-07-31)
$9949.TWO: possibly delisted; no price data found  (1d 2026-06-15 -> 2026-07-31)
$8932.TWO: possibly delisted; no price data found  (1d 2026-06-15 -> 2026-07-31)
Failed to get ticker '8358.TWO' reason: Failed to perform, curl: (6) getaddrinfo() thread failed to start. See https://curl.se/libcurl/c/libcurl-errors.html first for more details.
$8358.TWO: possibly delisted; no timezone found
$8107.TWO: possibly delisted; no price data found  (1d 2026-06-15 -> 2026-07-31)
Failed to get ticker '8403.TWO' reason: Failed to perform, curl: (77) error setting certificate verify locations:  CAfile: /Users/chenyinyi/miniconda3/ssl/cert.pem CApath: none. See https://curl.se/libcurl/c/libcurl-errors.html first for more details.
$8403.TWO: possibly delisted; no timezone found
$8111.TWO: possibly delisted; no price data found  (1d 2026-06-15 -> 2026-07-31)
$8421.TWO: possibly delisted; no price data found  (1d 2026-06-15 -> 2026-07-31)
$8099.TWO: possibly delisted; no price data found  (1d 2026-06-15 -> 2026-07-31)
$8289.TWO: possibly delisted; no price data found  (1d 2026-06-15 -> 2026-07-31)
$8155.TWO: possibly delisted; no price data found  (1d 2026-06-15 -> 2026-07-31)
$8433.TWO: possibly delisted; no price data found  (1d 2026-06-15 -> 2026-07-31)

20 Failed downloads:
['8924.TWO', '9949.TWO', '8932.TWO', '8107.TWO', '8111.TWO', '8421.TWO', '8099.TWO', '8289.TWO', '8155.TWO', '8433.TWO']: possibly delisted; no price data found  (1d 2026-06-15 -> 2026-07-31)
['8905.TWO', '8183.TWO', '8930.TWO', '8436.TWO', '8931.TWO', '8390.TWO', '8415.TWO', '8908.TWO']: OperationalError('unable to open database file')
['8358.TWO', '8403.TWO']: possibly delisted; no timezone found
[yfinance] 快取位置已重新導向至: /Users/chenyinyi/Documents/antigravity/台股資料/02_Margin_T1_Lab/.cache
=========================================================================
啟動：台股資券籌碼爬蟲與 T+1 實戰回測工具 (02_Margin_T1_Lab)
=========================================================================
正在下載台股歷史日曆...
正在下載最新的台股上市與上櫃股票清單...
獲取 TSE 股票清單失敗: HTTPSConnectionPool(host='isin.twse.com.tw', port=443): Read timed out.
共取得 890 檔普通股
正在檢查 20260730 的官方信用交易資料是否已發布...
  ➔ 已偵測到最新公布資料日期: 20260730

【籌碼分析日】: 20260730 (T日)
  正在獲取資券歷史數據: 20260727, 20260728, 20260729, 20260730...
  資券爬取完成，開始進行籌碼變化過濾與計算...
  符合資券增加的候選股共 221 檔，開始下載技術面股價驗證...
  正在下載第 1/2 批股價數據 (共 200 檔, 區間 2026-06-15 ~ 2026-07-31)...
  正在下載第 2/2 批股價數據 (共 21 檔, 區間 2026-06-15 ~ 2026-07-31)...
  篩選完成！報告已儲存至 /Users/chenyinyi/Documents/antigravity/台股資料/02_Margin_T1_Lab/reports/margin_scan_20260730.csv，符合篩選個股共 27 檔

【開始進行 T+1 實戰回測驗收】
  回測對象 (T日): 20260714
  實戰交易時程:
    ➔ T+1 進場成本日: 20260715
    ➔ T+5 結算日: 20260721
    ➔ T+10 結算日: 20260728
  未發現 20260714 的掃描存檔，開始在線跑歷史篩選...

【籌碼分析日】: 20260714 (T日)
  正在獲取資券歷史數據: 20260709, 20260710, 20260713, 20260714...
警告: 部分日期的官方資券數據爬取失敗或為空，診斷終止。
  20260714 無任何符合篩選的標的。

【產出報告預覽】
📊 【台股獨立資券籌碼診斷 & T+1 回測報告】
📅 籌碼分析日 (T日)：2026/07/30
------------------------------------------
🔥 【當日資券篩選名單】
1. 🔥【資券同增：潛在軋空強勢股】(共 0 檔):

2. 🚀【主力點火資】(共 2 檔):
   - 6538 倉和 (收盤: 128.50, 資當日增: +155)
   - 8069 元太 (收盤: 182.00, 資當日增: +47)

3. ⚠️【散戶套牢資 / 留意斷頭】(共 24 檔):
   - 2061 風青 (收盤: 51.20, 資當日增: +112)
   - 3211 順達 (收盤: 285.50, 資當日增: +236)
   - 3236 千如 (收盤: 35.25, 資當日增: +10)
   - 3357 臺慶科 (收盤: 176.50, 資當日增: +53)
   - 3479 安勤 (收盤: 127.00, 資當日增: +45)
   - 3594 磐儀 (收盤: 47.00, 資當日增: +50)
   - 4114 健喬 (收盤: 29.05, 資當日增: +67)
   - 4513 福裕 (收盤: 16.70, 資當日增: +15)
   * ... 尚有 16 檔，詳見 CSV 報表
------------------------------------------
🎯 【T+1 實戰回測驗收對帳單】
📅 回測對象 (T日): 20260714 (T+10 結算數據尚未收齊，暫無回測表現)
------------------------------------------
ℹ️ 本日報表與回測 CSV 檔案已儲存於 `02_Margin_T1_Lab/reports/`
[Telegram] 訊息發送成功 (Part 1/1)

執行結束，所有檔案已完成獨立產出。
$3357.TWO: possibly delisted; no price data found  (1d 2026-06-16 -> 2026-08-01)
$4721.TWO: possibly delisted; no price data found  (1d 2026-06-16 -> 2026-08-01)
$3163.TWO: possibly delisted; no price data found  (1d 2026-06-16 -> 2026-08-01)
$3374.TWO: possibly delisted; no price data found  (1d 2026-06-16 -> 2026-08-01)
$3095.TWO: possibly delisted; no price data found  (1d 2026-06-16 -> 2026-08-01)
Failed to get ticker '4561.TWO' reason: Failed to perform, curl: (28) Operation timed out after 879084 milliseconds with 0 bytes received. See https://curl.se/libcurl/c/libcurl-errors.html first for more details.
Failed to get ticker '2230.TWO' reason: Failed to perform, curl: (6) getaddrinfo() thread failed to start. See https://curl.se/libcurl/c/libcurl-errors.html first for more details.
$4109.TWO: possibly delisted; no price data found  (1d 2026-06-16 -> 2026-08-01)
Failed to get ticker '4163.TWO' reason: Failed to perform, curl: (6) Could not resolve host: query2.finance.yahoo.com. See https://curl.se/libcurl/c/libcurl-errors.html first for more details.
Failed to get ticker '3294.TWO' reason: Failed to perform, curl: (6) Could not resolve host: query2.finance.yahoo.com. See https://curl.se/libcurl/c/libcurl-errors.html first for more details.
$4163.TWO: possibly delisted; no timezone found
$3294.TWO: possibly delisted; no timezone found
$4931.TWO: possibly delisted; no price data found  (1d 2026-06-16 -> 2026-08-01)
$3623.TWO: possibly delisted; no price data found  (1d 2026-06-16 -> 2026-08-01)
Failed to get ticker '4563.TWO' reason: Failed to perform, curl: (6) getaddrinfo() thread failed to start. See https://curl.se/libcurl/c/libcurl-errors.html first for more details.
$4563.TWO: possibly delisted; no timezone found
$3455.TWO: possibly delisted; no price data found  (1d 2026-06-16 -> 2026-08-01)
$5353.TWO: possibly delisted; no price data found  (1d 2026-06-16 -> 2026-08-01)
$1742.TWO: possibly delisted; no price data found  (1d 2026-06-16 -> 2026-08-01)
Failed to get ticker '1785.TWO' reason: Failed to perform, curl: (6) Could not resolve host: query2.finance.yahoo.com. See https://curl.se/libcurl/c/libcurl-errors.html first for more details.
$1785.TWO: possibly delisted; no timezone found
$5321.TWO: possibly delisted; no price data found  (1d 2026-06-16 -> 2026-08-01)
Failed to get ticker '4510.TWO' reason: Failed to perform, curl: (6) getaddrinfo() thread failed to start. See https://curl.se/libcurl/c/libcurl-errors.html first for more details.
$4510.TWO: possibly delisted; no timezone found
Failed to get ticker '1593.TWO' reason: Failed to perform, curl: (77) error setting certificate verify locations:  CAfile: /Users/chenyinyi/miniconda3/ssl/cert.pem CApath: none. See https://curl.se/libcurl/c/libcurl-errors.html first for more details.
$1593.TWO: possibly delisted; no timezone found
$5489.TWO: possibly delisted; no price data found  (1d 2026-06-16 -> 2026-08-01)
Failed to get ticker '2745.TWO' reason: Failed to perform, curl: (6) getaddrinfo() thread failed to start. See https://curl.se/libcurl/c/libcurl-errors.html first for more details.
$2745.TWO: possibly delisted; no timezone found
Failed to get ticker '3083.TWO' reason: Failed to perform, curl: (6) getaddrinfo() thread failed to start. See https://curl.se/libcurl/c/libcurl-errors.html first for more details.
$3083.TWO: possibly delisted; no timezone found
$3211.TWO: possibly delisted; no price data found  (1d 2026-06-16 -> 2026-08-01)
$5210.TWO: possibly delisted; no price data found  (1d 2026-06-16 -> 2026-08-01)
Failed to get ticker '5460.TWO' reason: Failed to perform, curl: (6) getaddrinfo() thread failed to start. See https://curl.se/libcurl/c/libcurl-errors.html first for more details.
$5460.TWO: possibly delisted; no timezone found
$3511.TWO: possibly delisted; no price data found  (1d 2026-06-16 -> 2026-08-01)
$4416.TWO: possibly delisted; no price data found  (1d 2026-06-16 -> 2026-08-01)
$4741.TWO: possibly delisted; no price data found  (1d 2026-06-16 -> 2026-08-01)
Failed to get ticker '4123.TWO' reason: Failed to perform, curl: (6) getaddrinfo() thread failed to start. See https://curl.se/libcurl/c/libcurl-errors.html first for more details.
$4123.TWO: possibly delisted; no timezone found
Failed to get ticker '5508.TWO' reason: Failed to perform, curl: (77) error setting certificate verify locations:  CAfile: /Users/chenyinyi/miniconda3/ssl/cert.pem CApath: none. See https://curl.se/libcurl/c/libcurl-errors.html first for more details.
$5508.TWO: possibly delisted; no timezone found

68 Failed downloads:
['3357.TWO', '4721.TWO', '3163.TWO', '3374.TWO', '3095.TWO', '4109.TWO', '4931.TWO', '3623.TWO', '3455.TWO', '5353.TWO', '1742.TWO', '5321.TWO', '5489.TWO', '3211.TWO', '5210.TWO', '3511.TWO', '4416.TWO', '4741.TWO']: possibly delisted; no price data found  (1d 2026-06-16 -> 2026-08-01)
['2230.TWO']: DNSError('Failed to perform, curl: (6) Could not resolve host: query2.finance.yahoo.com. See https://curl.se/libcurl/c/libcurl-errors.html first for more details.')
['4163.TWO', '3294.TWO', '4563.TWO', '1785.TWO', '4510.TWO', '1593.TWO', '2745.TWO', '3083.TWO', '5460.TWO', '4123.TWO', '5508.TWO']: possibly delisted; no timezone found
['5230.TWO', '5351.TWO', '3466.TWO', '3287.TWO', '4174.TWO', '2641.TWO', '3289.TWO', '3567.TWO', '5487.TWO', '1336.TWO', '4420.TWO', '3707.TWO', '4114.TWO', '5251.TWO', '3537.TWO', '5206.TWO', '1591.TWO', '3666.TWO', '5287.TWO', '1295.TWO', '4754.TWO', '4167.TWO', '5536.TWO', '3691.TWO', '5465.TWO', '4979.TWO', '5426.TWO', '3577.TWO', '5263.TWO', '3218.TWO', '3489.TWO', '3176.TWO', '3276.TWO', '5439.TWO', '5488.TWO', '2719.TWO', '3594.TWO', '4973.TWO']: OperationalError('unable to open database file')
Failed to get ticker '7728.TWO' reason: Failed to perform, curl: (6) getaddrinfo() thread failed to start. See https://curl.se/libcurl/c/libcurl-errors.html first for more details.
$7728.TWO: possibly delisted; no timezone found
$6151.TWO: possibly delisted; no price data found  (1d 2026-06-16 -> 2026-08-01)
$6130.TWO: possibly delisted; no price data found  (1d 2026-06-16 -> 2026-08-01)
$6971.TWO: possibly delisted; no price data found  (1d 2026-06-16 -> 2026-08-01)
$6664.TWO: possibly delisted; no price data found  (1d 2026-06-16 -> 2026-08-01)
$6488.TWO: possibly delisted; no price data found  (1d 2026-06-16 -> 2026-08-01)
$8932.TWO: possibly delisted; no price data found  (1d 2026-06-16 -> 2026-08-01)
$6150.TWO: possibly delisted; no price data found  (1d 2026-06-16 -> 2026-08-01)
$6547.TWO: possibly delisted; no price data found  (1d 2026-06-16 -> 2026-08-01)
$7718.TWO: possibly delisted; no price data found  (1d 2026-06-16 -> 2026-08-01)
$8043.TWO: possibly delisted; no price data found  (1d 2026-06-16 -> 2026-08-01)
$6194.TWO: possibly delisted; no price data found  (1d 2026-06-16 -> 2026-08-01)
$6620.TWO: possibly delisted; no price data found  (1d 2026-06-16 -> 2026-08-01)
Failed to get ticker '8415.TWO' reason: Failed to perform, curl: (6) getaddrinfo() thread failed to start. See https://curl.se/libcurl/c/libcurl-errors.html first for more details.
$8415.TWO: possibly delisted; no timezone found
$8183.TWO: possibly delisted; no price data found  (1d 2026-06-16 -> 2026-08-01)
$8433.TWO: possibly delisted; no price data found  (1d 2026-06-16 -> 2026-08-01)
Failed to get ticker '8927.TWO' reason: Failed to perform, curl: (6) getaddrinfo() thread failed to start. See https://curl.se/libcurl/c/libcurl-errors.html first for more details.
$8927.TWO: possibly delisted; no timezone found
Failed to get ticker '8074.TWO' reason: Failed to perform, curl: (6) getaddrinfo() thread failed to start. See https://curl.se/libcurl/c/libcurl-errors.html first for more details.
$8074.TWO: possibly delisted; no timezone found
Failed to get ticker '6146.TWO' reason: Failed to perform, curl: (6) getaddrinfo() thread failed to start. See https://curl.se/libcurl/c/libcurl-errors.html first for more details.
$6146.TWO: possibly delisted; no timezone found
$8091.TWO: possibly delisted; no price data found  (1d 2026-06-16 -> 2026-08-01)
$6270.TWO: possibly delisted; no price data found  (1d 2026-06-16 -> 2026-08-01)
$6690.TWO: possibly delisted; no price data found  (1d 2026-06-16 -> 2026-08-01)
$6221.TWO: possibly delisted; no price data found  (1d 2026-06-16 -> 2026-08-01)
Failed to get ticker '6732.TWO' reason: Failed to perform, curl: (6) getaddrinfo() thread failed to start. See https://curl.se/libcurl/c/libcurl-errors.html first for more details.
$6732.TWO: possibly delisted; no timezone found
$8942.TWO: possibly delisted; no price data found  (1d 2026-06-16 -> 2026-08-01)
$6654.TWO: possibly delisted; no price data found  (1d 2026-06-16 -> 2026-08-01)
$7712.TWO: possibly delisted; no price data found  (1d 2026-06-16 -> 2026-08-01)
Failed to get ticker '6233.TWO' reason: Failed to perform, curl: (6) getaddrinfo() thread failed to start. See https://curl.se/libcurl/c/libcurl-errors.html first for more details.
$6233.TWO: possibly delisted; no timezone found
Failed to get ticker '6913.TWO' reason: Failed to perform, curl: (6) Could not resolve host: query2.finance.yahoo.com. See https://curl.se/libcurl/c/libcurl-errors.html first for more details.
Failed to get ticker '7402.TWO' reason: Failed to perform, curl: (6) getaddrinfo() thread failed to start. See https://curl.se/libcurl/c/libcurl-errors.html first for more details.
$6913.TWO: possibly delisted; no timezone found
$7402.TWO: possibly delisted; no timezone found
$6548.TWO: possibly delisted; no price data found  (1d 2026-06-16 -> 2026-08-01)
$6469.TWO: possibly delisted; no price data found  (1d 2026-06-16 -> 2026-08-01)
Failed to get ticker '6435.TWO' reason: Failed to perform, curl: (6) getaddrinfo() thread failed to start. See https://curl.se/libcurl/c/libcurl-errors.html first for more details.
$6435.TWO: possibly delisted; no timezone found
$8068.TWO: possibly delisted; no price data found  (1d 2026-06-16 -> 2026-08-01)
Failed to get ticker '8906.TWO' reason: Failed to perform, curl: (6) getaddrinfo() thread failed to start. See https://curl.se/libcurl/c/libcurl-errors.html first for more details.
$8906.TWO: possibly delisted; no timezone found
Failed to get ticker '6486.TWO' reason: Failed to perform, curl: (6) getaddrinfo() thread failed to start. See https://curl.se/libcurl/c/libcurl-errors.html first for more details.
$6486.TWO: possibly delisted; no timezone found
$6739.TWO: possibly delisted; no price data found  (1d 2026-06-16 -> 2026-08-01)
$6530.TWO: possibly delisted; no price data found  (1d 2026-06-16 -> 2026-08-01)
Failed to get ticker '8032.TWO' reason: Failed to perform, curl: (6) getaddrinfo() thread failed to start. See https://curl.se/libcurl/c/libcurl-errors.html first for more details.
$8032.TWO: possibly delisted; no timezone found
Failed to get ticker '8383.TWO' reason: Failed to perform, curl: (6) getaddrinfo() thread failed to start. See https://curl.se/libcurl/c/libcurl-errors.html first for more details.
$8383.TWO: possibly delisted; no timezone found
$6829.TWO: possibly delisted; no price data found  (1d 2026-06-16 -> 2026-08-01)
$6170.TWO: possibly delisted; no price data found  (1d 2026-06-16 -> 2026-08-01)
$6174.TWO: possibly delisted; no price data found  (1d 2026-06-16 -> 2026-08-01)
$6870.TWO: possibly delisted; no price data found  (1d 2026-06-16 -> 2026-08-01)
$6560.TWO: possibly delisted; no price data found  (1d 2026-06-16 -> 2026-08-01)
Failed to get ticker '6510.TWO' reason: Failed to perform, curl: (77) error setting certificate verify locations:  CAfile: /Users/chenyinyi/miniconda3/ssl/cert.pem CApath: none. See https://curl.se/libcurl/c/libcurl-errors.html first for more details.
$6967.TWO: possibly delisted; no price data found  (1d 2026-06-16 -> 2026-08-01)
$8938.TWO: possibly delisted; no price data found  (1d 2026-06-16 -> 2026-08-01)
$7738.TWO: possibly delisted; no price data found  (1d 2026-06-16 -> 2026-08-01)
$6510.TWO: possibly delisted; no timezone found

146 Failed downloads:
['7728.TWO', '8415.TWO', '8927.TWO', '8074.TWO', '6146.TWO', '6732.TWO', '6233.TWO', '6913.TWO', '7402.TWO', '6435.TWO', '8906.TWO', '6486.TWO', '8032.TWO', '8383.TWO', '6510.TWO']: possibly delisted; no timezone found
['6151.TWO', '6130.TWO', '6971.TWO', '6664.TWO', '6488.TWO', '8932.TWO', '6150.TWO', '6547.TWO', '7718.TWO', '8043.TWO', '6194.TWO', '6620.TWO', '8183.TWO', '8433.TWO', '8091.TWO', '6270.TWO', '6690.TWO', '6221.TWO', '8942.TWO', '6654.TWO', '7712.TWO', '6548.TWO', '6469.TWO', '8068.TWO', '6739.TWO', '6530.TWO', '6829.TWO', '6170.TWO', '6174.TWO', '6870.TWO', '6560.TWO', '6967.TWO', '8938.TWO', '7738.TWO']: possibly delisted; no price data found  (1d 2026-06-16 -> 2026-08-01)
['7805.TWO', '6811.TWO', '6220.TWO', '7642.TWO', '6118.TWO', '6523.TWO', '6712.TWO', '9949.TWO', '6996.TWO', '6588.TWO', '8087.TWO', '8171.TWO', '6290.TWO', '6569.TWO', '6517.TWO', '8049.TWO', '6020.TWO', '6223.TWO', '6023.TWO', '8255.TWO', '7777.TWO', '8071.TWO', '6187.TWO', '8472.TWO', '8358.TWO', '6161.TWO', '8931.TWO', '6613.TWO', '6265.TWO', '6125.TWO', '6207.TWO', '8089.TWO', '8431.TWO', '8489.TWO', '8410.TWO', '6716.TWO', '6570.TWO', '8064.TWO', '6291.TWO', '9962.TWO', '6163.TWO', '8086.TWO', '6910.TWO', '6725.TWO', '6425.TWO', '6788.TWO', '6498.TWO', '6496.TWO', '6261.TWO', '7744.TWO', '6248.TWO', '6561.TWO', '6642.TWO', '6485.TWO', '8924.TWO', '6154.TWO', '6134.TWO', '6474.TWO', '7715.TWO', '6629.TWO', '6791.TWO', '8182.TWO', '8069.TWO', '6246.TWO', '8040.TWO', '8929.TWO', '6138.TWO', '8240.TWO', '7704.TWO', '6720.TWO', '6021.TWO', '6538.TWO', '6609.TWO', '8155.TWO', '6218.TWO', '8446.TWO', '6175.TWO', '6016.TWO', '6127.TWO', '6532.TWO', '7717.TWO', '6840.TWO', '6684.TWO', '7723.TWO', '6113.TWO', '6245.TWO', '8109.TWO', '6121.TWO', '6693.TWO', '6679.TWO', '8147.TWO', '6903.TWO', '8403.TWO', '6199.TWO', '7810.TWO', '7734.TWO', '6147.TWO']: OperationalError('unable to open database file')
[yfinance] 快取位置已重新導向至: /Users/chenyinyi/Documents/antigravity/台股資料/02_Margin_T1_Lab/.cache
=========================================================================
啟動：台股資券籌碼爬蟲與 T+1 實戰回測工具 (02_Margin_T1_Lab)
=========================================================================
正在下載台股歷史日曆...
正在下載最新的台股上市與上櫃股票清單...
獲取 TSE 股票清單失敗: ('Connection aborted.', ConnectionResetError(54, 'Connection reset by peer'))
共取得 890 檔普通股
正在檢查 20260731 的官方信用交易資料是否已發布...
  ➔ 已偵測到最新公布資料日期: 20260731

【籌碼分析日】: 20260731 (T日)
  正在獲取資券歷史數據: 20260728, 20260729, 20260730, 20260731...
  資券爬取完成，開始進行籌碼變化過濾與計算...
  符合資券增加的候選股共 358 檔，開始下載技術面股價驗證...
  正在下載第 1/2 批股價數據 (共 200 檔, 區間 2026-06-16 ~ 2026-08-01)...
  正在下載第 2/2 批股價數據 (共 158 檔, 區間 2026-06-16 ~ 2026-08-01)...
  篩選完成！報告已儲存至 /Users/chenyinyi/Documents/antigravity/台股資料/02_Margin_T1_Lab/reports/margin_scan_20260731.csv，符合篩選個股共 39 檔

【開始進行 T+1 實戰回測驗收】
  回測對象 (T日): 20260715
  實戰交易時程:
    ➔ T+1 進場成本日: 20260716
    ➔ T+5 結算日: 20260722
    ➔ T+10 結算日: 20260729
  未發現 20260715 的掃描存檔，開始在線跑歷史篩選...

【籌碼分析日】: 20260715 (T日)
  正在獲取資券歷史數據: 20260710, 20260713, 20260714, 20260715...
警告: 部分日期的官方資券數據爬取失敗或為空，診斷終止。
  20260715 無任何符合篩選的標的。

【產出報告預覽】
📊 【台股獨立資券籌碼診斷 & T+1 回測報告】
📅 籌碼分析日 (T日)：2026/07/31
------------------------------------------
🔥 【當日資券篩選名單】
1. 🔥【資券同增：潛在軋空強勢股】(共 0 檔):

2. 🚀【主力點火資】(共 12 檔):
   - 2061 風青 (收盤: 55.50, 資當日增: +42)
   - 3260 威剛 (收盤: 398.50, 資當日增: +1313)
   - 3360 尚立 (收盤: 15.70, 資當日增: +70)
   - 3362 先進光 (收盤: 172.00, 資當日增: +271)
   - 3441 聯一光 (收盤: 84.00, 資當日增: +412)
   - 3520 華盈 (收盤: 18.45, 資當日增: +107)
   - 3529 力旺 (收盤: 2475.00, 資當日增: +94)
   - 4749 新應材 (收盤: 722.00, 資當日增: +57)
   * ... 尚有 4 檔，詳見 CSV 報表

3. ⚠️【散戶套牢資 / 留意斷頭】(共 26 檔):
   - 1815 富喬 (收盤: 66.30, 資當日增: +591)
   - 3081 聯亞 (收盤: 1630.00, 資當日增: +25)
   - 3088 艾訊 (收盤: 118.00, 資當日增: +162)
   - 3105 穩懋 (收盤: 294.50, 資當日增: +994)
   - 3264 欣銓 (收盤: 177.00, 資當日增: +579)
   - 3290 東浦 (收盤: 51.50, 資當日增: +39)
   - 3322 建舜電 (收盤: 10.90, 資當日增: +8)
   - 3363 上詮 (收盤: 480.50, 資當日增: +78)
   * ... 尚有 18 檔，詳見 CSV 報表
------------------------------------------
🎯 【T+1 實戰回測驗收對帳單】
📅 回測對象 (T日): 20260715 (T+10 結算數據尚未收齊，暫無回測表現)
------------------------------------------
ℹ️ 本日報表與回測 CSV 檔案已儲存於 `02_Margin_T1_Lab/reports/`
[Telegram] 訊息發送成功 (Part 1/1)

執行結束，所有檔案已完成獨立產出。
$2330.TW: possibly delisted; no price data found  (period=90d)

1 Failed download:
['2330.TW']: possibly delisted; no price data found  (period=90d)
[yfinance] 快取位置已重新導向至: /Users/chenyinyi/Documents/antigravity/台股資料/02_Margin_T1_Lab/.cache
=========================================================================
啟動：台股資券籌碼爬蟲與 T+1 實戰回測工具 (02_Margin_T1_Lab)
=========================================================================
正在下載台股歷史日曆...
正在下載最新的台股上市與上櫃股票清單...
獲取 TSE 股票清單失敗: HTTPSConnectionPool(host='isin.twse.com.tw', port=443): Max retries exceeded with url: /isin/C_public.jsp?strMode=2 (Caused by NameResolutionError("HTTPSConnection(host='isin.twse.com.tw', port=443): Failed to resolve 'isin.twse.com.tw' ([Errno 8] nodename nor servname provided, or not known)"))
獲取 OTC 股票清單失敗: HTTPSConnectionPool(host='isin.twse.com.tw', port=443): Max retries exceeded with url: /isin/C_public.jsp?strMode=4 (Caused by NameResolutionError("HTTPSConnection(host='isin.twse.com.tw', port=443): Failed to resolve 'isin.twse.com.tw' ([Errno 8] nodename nor servname provided, or not known)"))
共取得 0 檔普通股
[錯誤] 無法獲取台股股票清單，程式終止。
